Company Tickers,P/E Current,P/E Ratio (w/ extraordinary items),P/E Ratio (w/o extraordinary items),Price to Sales Ratio,Price to Book Ratio,Price to Cash Flow Ratio,Enterprise Value to EBITDA,Enterprise Value to Sales,Total Debt to Enterprise Value,Revenue/Employee,Income Per Employeee,Receivables Turnover,Total Asset Turnover,Current Ratio,Quick Ratio,Cash Ratio,Gross Margin,Operating Margin,Pretax Margin,Net Margin,Return on Assets,Return on Equity,Return on Total Capital,Return on Invested Capital,Total Debt to Total Equity,Total Debt to Total Capital,Total Debt to Total Assets,Long-Term Debt to Equity,Long-Term Debt to Total Capital
MMM,15.05,21.01,17.56,2.94,6.75,13.95,10.62,2.86,N/A,N/A,N/A,N/A,0.75,1.70,1.15,0.53,46.99%,21.29%,20.38%,16.75%,12.54%,42.42%,22.76%,N/A,N/A,N/A,38.91,N/A,N/A
AOS,20.67,18.90,28.43,3.91,7.39,21.60,13.43,2.40,N/A,N/A,N/A,N/A,1.07,1.57,1.17,0.56,37.07%,17.25%,17.68%,13.76%,14.68%,26.47%,29.99%,N/A,N/A,N/A,6.64,N/A,N/A
ABT,28.32,23.10,35.75,5.85,6.93,23.90,16.03,4.48,N/A,N/A,N/A,N/A,0.58,1.85,1.46,0.78,53.89%,21.36%,19.06%,16.35%,9.53%,20.53%,17.01%,N/A,N/A,N/A,25.60,N/A,N/A
ABBV,22.10,20.16,20.98,4.28,15.54,10.56,11.32,5.58,N/A,N/A,N/A,N/A,0.38,0.79,0.70,0.28,69.49%,35.14%,23.11%,20.41%,7.72%,80.52%,20.45%,N/A,N/A,N/A,52.94,N/A,N/A
ABMD,98.68,61.96,111.33,14.73,10.04,53.25,44.54,11.97,N/A,N/A,N/A,N/A,0.65,7.05,6.37,5.48,81.76%,24.80%,18.47%,13.23%,8.62%,9.64%,17.96%,N/A,N/A,N/A,0.57,N/A,N/A
ACN,35.00,30.96,36.76,4.30,10.89,24.22,20.59,3.32,0.02,"$80,983.00","$9,466.00",5.75,1.26,1.25,1.25,0.52,32.59%,15.29%,15.36%,11.69%,14.72%,32.34%,34.65%,28.13%,17.96,15.22,8.12,14.08,11.94
ATVI,23.47,33.90,19.33,5.93,2.95,21.61,14.71,7.39,N/A,N/A,N/A,N/A,0.37,5.21,5.21,4.40,73.60%,37.90%,35.94%,30.66%,11.21%,16.54%,16.50%,N/A,N/A,N/A,15.55,N/A,N/A
ADM,18.09,13.67,14.12,0.45,1.68,5.80,11.07,0.62,N/A,N/A,N/A,N/A,1.61,1.45,0.79,0.04,8.51%,5.01%,3.89%,3.18%,5.12%,12.76%,13.25%,N/A,N/A,N/A,18.85,N/A,N/A
ADBE,44.46,43.12,61.50,18.77,19.79,41.02,31.06,12.47,N/A,N/A,N/A,N/A,0.61,1.22,1.22,0.84,87.11%,36.82%,36.11%,30.52%,18.72%,34.37%,31.08%,N/A,N/A,N/A,17.15,N/A,N/A
ADP,36.67,36.42,29.99,5.36,27.10,28.54,25.20,6.59,N/A,N/A,N/A,N/A,0.30,0.99,0.99,0.03,46.86%,23.05%,23.06%,17.87%,5.27%,66.30%,47.74%,N/A,N/A,N/A,5.69,N/A,N/A
AAP,21.21,21.94,25.12,1.41,4.75,13.91,13.34,1.41,N/A,N/A,N/A,N/A,0.92,1.21,0.31,0.12,44.59%,8.21%,7.33%,5.60%,5.13%,18.42%,12.87%,N/A,N/A,N/A,31.47,N/A,N/A
AES,N/A,N/A,N/A,1.45,8.21,8.51,9.48,2.91,N/A,N/A,N/A,N/A,0.33,1.13,1.00,0.31,24.35%,22.86%,-9.55%,-3.71%,-1.22%,-10.92%,10.06%,N/A,N/A,N/A,57.68,N/A,N/A
AFL,10.02,9.47,9.14,1.79,1.15,7.82,7.67,2.03,N/A,N/A,N/A,N/A,0.13,0.71,N/A,N/A,N/A,25.37%,24.07%,19.56%,2.57%,12.95%,13.43%,N/A,N/A,N/A,4.84,N/A,N/A
A,33.88,31.83,39.96,7.65,8.83,32.56,24.42,6.32,N/A,N/A,N/A,N/A,0.62,2.22,1.74,0.92,54.17%,21.63%,21.52%,19.15%,11.90%,23.58%,17.40%,N/A,N/A,N/A,27.19,N/A,N/A
APD,29.71,26.40,28.09,5.52,4.19,17.09,17.68,5.22,0.14,"$494,477","$97,188.00",5.96,0.40,2.99,2.83,2.07,30.37%,21.44%,24.29%,19.65%,7.80%,15.84%,10.28%,9.89%,60.70,37.77,30.60,56.53,35.18
AKAM,24.41,26.84,29.78,5.61,4.15,13.82,12.64,4.80,N/A,N/A,N/A,N/A,0.44,2.37,2.37,1.36,59.58%,23.32%,21.04%,18.83%,8.20%,14.84%,11.20%,N/A,N/A,N/A,35.13,N/A,N/A
ALK,12.56,29.09,13.82,1.07,1.73,6.41,139.42,0.85,N/A,N/A,N/A,N/A,0.41,0.98,0.97,0.78,5.44%,-5.57%,10.18%,7.74%,3.17%,14.08%,-4.32%,N/A,N/A,N/A,27.31,N/A,N/A
ALB,265.32,125.77,220.29,8.19,4.86,79.13,44.61,8.10,N/A,N/A,N/A,N/A,0.31,1.07,0.64,0.23,30.30%,16.01%,4.02%,3.72%,1.15%,2.50%,6.44%,N/A,N/A,N/A,23.26,N/A,N/A
ARE,44.52,94.12,58.36,15.55,2.18,32.55,27.56,15.48,N/A,N/A,N/A,N/A,0.08,N/A,N/A,N/A,31.67%,24.51%,30.95%,26.65%,2.12%,4.04%,2.06%,N/A,N/A,N/A,31.66,N/A,N/A
ALGN,29.82,36.67,67.82,13.25,14.28,44.65,19.36,5.40,N/A,N/A,N/A,N/A,0.73,1.30,1.18,0.61,74.72%,24.70%,25.61%,19.53%,14.33%,22.52%,27.63%,N/A,N/A,N/A,2.11,N/A,N/A
ALLE,19.94,20.21,24.82,4.18,15.39,24.53,16.84,3.59,N/A,N/A,N/A,N/A,0.94,1.86,1.23,0.66,42.01%,18.81%,18.27%,16.84%,15.78%,60.81%,23.19%,N/A,N/A,N/A,50.29,N/A,N/A
LNT,24.10,22.89,23.39,4.20,2.57,26.48,16.36,5.99,N/A,N/A,N/A,N/A,0.20,0.52,0.40,0.02,24.50%,21.67%,16.35%,18.37%,3.59%,11.35%,5.89%,N/A,N/A,N/A,41.03,N/A,N/A
ALL,6.94,40.00,6.31,0.70,1.42,6.88,5.57,0.86,N/A,N/A,N/A,N/A,0.49,0.44,N/A,N/A,N/A,13.79%,12.75%,10.26%,4.98%,18.75%,19.97%,N/A,N/A,N/A,9.31,N/A,N/A
GOOGL,21.69,22.37,25.82,7.62,7.62,21.42,16.22,5.33,N/A,N/A,N/A,N/A,0.76,2.93,2.91,2.17,56.91%,30.51%,35.24%,29.53%,22.40%,32.07%,29.62%,N/A,N/A,N/A,7.94,N/A,N/A
GOOG,21.69,22.37,25.82,7.62,7.62,21.42,16.22,5.33,N/A,N/A,N/A,N/A,0.76,2.93,2.91,2.17,56.91%,30.51%,35.24%,29.53%,22.40%,32.07%,29.62%,N/A,N/A,N/A,7.94,N/A,N/A
MO,33.81,46.91,35.48,4.14,N/A,10.40,8.75,5.04,N/A,N/A,N/A,N/A,0.49,0.71,0.57,0.53,66.28%,55.58%,18.11%,11.67%,5.67%,399.68%,39.86%,N/A,N/A,N/A,70.96,N/A,N/A
AMZN,44.32,125.84,51.47,3.65,12.28,37.07,30.98,3.08,N/A,N/A,N/A,N/A,1.27,1.14,0.91,0.68,42.03%,5.31%,8.12%,7.10%,9.00%,28.81%,10.74%,N/A,N/A,N/A,31.46,N/A,N/A
N/A,N/A,N/A,N/A,N/A,N/A,N/A,N/A,N/A,N/A,N/A,N/A,N/A,N/A,N/A,N/A,N/A,N/A,N/A,N/A,N/A,N/A,N/A,N/A,N/A,N/A,N/A,N/A,N/A
AMD,39.19,52.57,56.80,10.93,23.53,51.01,38.76,7.44,N/A,N/A,N/A,N/A,1.54,2.02,1.56,0.85,48.25%,22.38%,22.33%,19.24%,29.58%,47.43%,50.25%,N/A,N/A,N/A,5.89,N/A,N/A
AEE,24.67,24.38,23.16,3.59,2.36,13.80,14.59,5.47,N/A,N/A,N/A,N/A,0.19,0.70,0.49,0.01,28.86%,20.85%,18.02%,15.48%,2.92%,10.62%,6.05%,N/A,N/A,N/A,38.09,N/A,N/A
AAL,N/A,N/A,N/A,0.39,N/A,16.43,-15.63,1.05,N/A,N/A,N/A,N/A,0.47,0.91,0.82,0.71,0.09%,-16.95%,-8.53%,-6.67%,-3.10%,N/A,-13.88%,N/A,N/A,N/A,69.47,N/A,N/A
AEP,20.93,20.77,17.94,2.69,2.00,11.20,14.23,5.13,N/A,N/A,N/A,N/A,0.19,0.63,0.55,0.05,28.09%,19.63%,15.11%,14.97%,2.84%,11.58%,5.66%,N/A,N/A,N/A,40.86,N/A,N/A
AXP,16.55,16.73,16.32,2.96,5.61,8.83,10.85,2.89,N/A,N/A,N/A,N/A,0.23,N/A,N/A,N/A,65.30%,26.35%,24.48%,18.33%,4.21%,35.45%,17.58%,N/A,N/A,N/A,21.70,N/A,N/A
AIG,5.31,3.63,5.25,0.94,0.71,7.83,4.71,1.30,N/A,N/A,N/A,N/A,0.10,7.87,N/A,N/A,N/A,21.48%,23.24%,18.03%,1.81%,14.19%,12.57%,N/A,N/A,N/A,6.01,N/A,N/A
AMT,49.03,45.83,51.64,14.17,26.24,27.51,30.45,17.49,N/A,N/A,N/A,N/A,0.16,N/A,N/A,N/A,46.41%,37.88%,30.24%,27.44%,4.38%,55.97%,6.91%,N/A,N/A,N/A,74.42,N/A,N/A
AWK,22.82,22.18,27.21,8.75,4.70,23.85,21.67,10.39,N/A,N/A,N/A,N/A,0.15,0.73,0.70,0.07,38.60%,30.43%,41.73%,32.14%,4.78%,18.37%,6.67%,N/A,N/A,N/A,40.97,N/A,N/A
AMP,12.57,10.18,13.12,2.61,5.88,9.42,7.75,1.75,N/A,N/A,N/A,N/A,0.08,N/A,N/A,N/A,57.49%,26.11%,24.13%,19.88%,1.61%,47.78%,32.53%,N/A,N/A,N/A,3.15,N/A,N/A
ABC,20.37,17.30,16.17,0.12,111.29,9.34,11.57,0.16,0.23,N/A,N/A,13.08,4.21,0.94,0.54,0.06,2.93%,1.25%,1.04%,0.72%,3.03%,N/A,44.04%,30.94%,"1,143.70",91.96,13.61,"1,092.33",87.83
AME,30.41,27.33,34.58,6.17,4.96,29.50,20.03,5.42,N/A,N/A,N/A,N/A,0.50,1.36,0.87,0.22,37.98%,23.59%,22.05%,17.85%,8.90%,15.44%,14.44%,N/A,N/A,N/A,22.87,N/A,N/A
AMGN,24.15,20.28,21.87,4.96,18.75,13.92,12.64,6.03,N/A,N/A,N/A,N/A,0.42,1.59,1.26,0.66,75.16%,35.22%,25.79%,22.68%,9.50%,73.16%,21.91%,N/A,N/A,N/A,55.55,N/A,N/A
APH,31.25,27.52,34.39,5.03,8.31,35.52,19.87,4.28,N/A,N/A,N/A,N/A,0.81,2.43,1.66,0.51,31.28%,20.00%,18.29%,14.43%,11.62%,26.86%,20.74%,N/A,N/A,N/A,34.41,N/A,N/A
ADI,51.74,57.44,50.07,9.51,2.40,25.45,32.89,10.08,N/A,N/A,N/A,N/A,0.20,1.94,1.51,0.71,54.53%,26.16%,18.16%,19.00%,3.77%,5.56%,6.12%,N/A,N/A,N/A,13.60,N/A,N/A
ANSS,55.15,54.22,77.73,18.53,7.79,64.31,38.54,12.52,N/A,N/A,N/A,N/A,0.31,2.10,2.10,0.86,85.67%,27.24%,27.03%,23.84%,7.41%,10.59%,9.98%,N/A,N/A,N/A,13.93,N/A,N/A
AON,54.31,43.53,54.15,5.57,60.85,31.14,19.12,5.88,N/A,N/A,N/A,N/A,0.38,N/A,N/A,N/A,N/A,28.72%,15.84%,10.29%,3.92%,55.09%,29.08%,N/A,N/A,N/A,32.66,N/A,N/A
APA,13.37,3.86,10.36,1.26,N/A,2.88,4.48,1.90,N/A,N/A,N/A,N/A,0.61,1.12,0.90,0.19,40.98%,33.71%,23.68%,12.19%,7.47%,N/A,32.14%,N/A,N/A,N/A,58.34,N/A,N/A
AAPL,30.66,28.09,26.17,6.77,38.25,23.82,23.62,7.33,0.05,$2.375M,"$614,805",8.23,1.08,1.07,1.02,0.50,41.78%,29.78%,29.85%,25.88%,28.06%,147.44%,56.27%,53.36%,216.39,68.39,38.89,189.22,59.81
AMAT,17.23,14.43,21.33,5.45,9.95,23.08,12.69,3.88,0.04,N/A,N/A,5.72,0.96,2.54,1.86,0.86,47.23%,31.22%,29.36%,25.53%,24.44%,51.59%,41.99%,34.72%,44.52,30.80,22.28,44.52,30.80
APTV,57.35,267.17,84.89,2.86,5.35,36.79,16.39,1.97,N/A,N/A,N/A,N/A,0.88,2.00,1.52,0.75,20.84%,7.36%,5.83%,3.78%,3.32%,7.26%,8.98%,N/A,N/A,N/A,24.78,N/A,N/A
ANET,48.16,38.80,54.58,15.57,11.12,45.17,35.61,10.07,N/A,N/A,N/A,N/A,0.56,4.34,3.71,3.07,63.80%,31.37%,31.58%,28.52%,16.06%,23.04%,24.77%,N/A,N/A,N/A,1.34,N/A,N/A
AJG,43.30,38.39,38.79,4.37,4.16,20.64,22.25,4.97,N/A,N/A,N/A,N/A,0.29,N/A,N/A,N/A,78.40%,16.35%,12.11%,11.26%,3.26%,12.34%,9.97%,N/A,N/A,N/A,20.02,N/A,N/A
AIZ,22.14,7.60,20.76,0.92,1.58,11.99,8.41,0.89,N/A,N/A,N/A,N/A,0.33,2.57,N/A,N/A,N/A,8.99%,7.69%,6.02%,1.96%,10.72%,9.97%,N/A,N/A,N/A,8.16,N/A,N/A
T,6.62,6.95,8.91,1.05,1.06,4.22,6.09,2.10,N/A,N/A,N/A,N/A,0.31,0.63,0.59,0.25,39.20%,16.85%,15.96%,11.89%,3.73%,12.24%,7.59%,N/A,N/A,N/A,36.90,N/A,N/A
ATO,22.83,21.84,17.22,3.36,1.48,N/A,17.21,5.88,0.40,"$727,474","$141,994",11.88,0.18,0.81,0.75,0.03,35.74%,26.56%,24.04%,19.52%,3.60%,9.05%,6.70%,5.42%,95.65,48.89,36.32,64.82,33.13
ADSK,104.08,104.70,111.58,12.61,64.19,36.21,64.19,11.37,N/A,N/A,N/A,N/A,0.55,0.69,0.69,0.44,89.59%,15.02%,12.84%,11.30%,6.26%,54.78%,18.94%,N/A,N/A,N/A,35.55,N/A,N/A
AZO,23.73,19.17,16.27,2.41,N/A,10.03,15.23,3.23,0.19,"$146,296","$21,703.00",39.37,1.01,0.82,0.23,0.15,52.75%,20.13%,18.79%,14.84%,15.00%,N/A,42.49%,34.75%,N/A,127.95,56.69,N/A,115.10
AVB,30.35,37.49,35.14,15.12,3.23,27.87,28.20,15.48,N/A,N/A,N/A,N/A,0.12,N/A,N/A,N/A,30.90%,25.58%,43.28%,42.94%,5.13%,9.24%,3.17%,N/A,N/A,N/A,41.55,N/A,N/A
AVY,22.93,21.89,24.52,2.16,9.30,17.34,15.22,2.18,N/A,N/A,N/A,N/A,1.20,1.07,0.72,0.08,27.46%,12.37%,11.81%,8.80%,10.53%,43.42%,23.17%,N/A,N/A,N/A,41.24,N/A,N/A
BKR,N/A,N/A,N/A,0.97,1.47,8.35,10.78,1.41,N/A,N/A,N/A,N/A,0.56,1.65,1.21,0.54,22.16%,7.72%,2.09%,-1.07%,-0.60%,-1.58%,6.21%,N/A,N/A,N/A,21.37,N/A,N/A
BALL,22.46,25.20,36.36,2.29,8.52,18.14,13.60,1.73,N/A,N/A,N/A,N/A,0.73,0.88,0.58,0.10,14.59%,8.84%,7.24%,6.30%,4.63%,25.44%,10.59%,N/A,N/A,N/A,41.38,N/A,N/A
BAC,10.17,11.15,12.46,3.98,1.46,15.96,21.35,7.69,N/A,N/A,N/A,N/A,0.03,0.81,N/A,N/A,N/A,35.65%,35.48%,33.39%,1.06%,11.78%,4.51%,N/A,N/A,N/A,15.94,N/A,N/A
BBWI,8.19,8.02,11.19,1.89,N/A,10.00,5.55,1.39,N/A,N/A,N/A,N/A,0.90,2.33,1.78,1.53,48.93%,25.51%,18.05%,13.64%,12.22%,N/A,30.19%,N/A,N/A,N/A,99.78,N/A,N/A
BAX,23.92,30.38,33.96,3.41,4.74,19.63,15.41,3.23,N/A,N/A,N/A,N/A,0.48,2.09,1.52,0.70,40.83%,16.29%,11.55%,10.04%,4.80%,14.45%,9.70%,N/A,N/A,N/A,54.62,N/A,N/A
BDX,38.47,45.47,35.86,3.55,2.95,15.45,16.81,4.59,0.20,N/A,N/A,8.27,0.38,1.33,0.90,0.36,46.80%,16.15%,11.07%,10.33%,3.88%,8.82%,7.80%,5.10%,74.38,42.65,33.56,72.26,41.44
WRB,18.04,13.90,15.03,1.63,2.19,6.02,12.55,1.86,N/A,N/A,N/A,N/A,0.35,0.43,N/A,N/A,N/A,14.97%,13.57%,10.81%,3.79%,15.77%,12.64%,N/A,N/A,N/A,12.20,N/A,N/A
BRK.B,7.61,56.88,7.54,2.45,1.31,17.18,14.07,2.22,N/A,N/A,N/A,N/A,0.30,4.49,4.07,2.89,19.98%,12.68%,40.45%,32.52%,9.80%,18.92%,5.74%,N/A,N/A,N/A,13.05,N/A,N/A
BBY,8.16,8.34,9.92,0.47,7.35,7.49,4.87,0.37,N/A,N/A,N/A,N/A,2.83,0.99,0.43,0.30,22.32%,5.79%,5.84%,4.74%,13.42%,64.52%,38.36%,N/A,N/A,N/A,22.50,N/A,N/A
BIO,3.90,N/A,5.38,7.81,1.65,34.77,21.71,5.50,N/A,N/A,N/A,N/A,0.19,2.92,2.08,1.29,56.99%,18.95%,186.08%,145.28%,27.62%,36.06%,4.61%,N/A,N/A,N/A,1.32,N/A,N/A
TECH,57.26,N/A,52.28,12.86,N/A,43.72,N/A,13.54,N/A,N/A,N/A,N/A,0.48,3.44,2.64,1.40,75.03%,26.83%,27.26%,24.61%,11.71%,16.67%,14.79%,N/A,N/A,N/A,14.20,N/A,N/A
BIIB,21.25,15.69,23.07,3.45,3.24,9.86,10.73,3.59,N/A,N/A,N/A,N/A,0.43,1.83,1.51,0.88,75.03%,27.54%,16.78%,14.96%,6.42%,14.41%,15.38%,N/A,N/A,N/A,32.22,N/A,N/A
BLK,19.67,19.64,23.96,7.00,3.68,29.98,12.84,5.93,N/A,N/A,N/A,N/A,0.12,N/A,N/A,N/A,79.92%,41.26%,40.49%,29.23%,3.58%,16.17%,17.74%,N/A,N/A,N/A,6.10,N/A,N/A
BK,10.83,11.29,14.01,3.11,1.22,17.53,-1.16,-0.44,N/A,N/A,N/A,N/A,0.04,1.29,N/A,N/A,N/A,28.22%,29.02%,23.46%,0.82%,8.46%,4.13%,N/A,N/A,N/A,14.59,N/A,N/A
BA,N/A,N/A,N/A,1.90,N/A,N/A,65.40,2.38,N/A,N/A,N/A,N/A,0.43,1.33,0.36,0.20,10.41%,0.10%,-8.08%,-6.75%,-2.89%,N/A,0.14%,N/A,N/A,N/A,43.05,N/A,N/A
BKNG,75.30,55.86,85.18,9.06,15.95,35.19,26.64,5.90,N/A,N/A,N/A,N/A,0.48,2.10,2.10,1.79,N/A,24.14%,13.37%,10.63%,5.12%,21.05%,15.10%,N/A,N/A,N/A,48.31,N/A,N/A
BWA,17.85,14.86,20.10,0.73,1.56,8.27,5.63,0.83,N/A,N/A,N/A,N/A,0.91,1.74,1.33,0.49,19.26%,9.34%,5.32%,3.62%,3.29%,8.03%,12.31%,N/A,N/A,N/A,27.28,N/A,N/A
BXP,28.40,21.51,36.30,6.23,3.09,15.89,16.86,9.52,N/A,N/A,N/A,N/A,0.13,N/A,N/A,N/A,38.96%,33.59%,21.87%,17.48%,2.23%,8.53%,4.49%,N/A,N/A,N/A,59.67,N/A,N/A
BSX,61.62,73.50,61.83,5.12,3.64,32.55,22.56,5.52,N/A,N/A,N/A,N/A,0.38,1.48,1.10,0.49,62.76%,16.17%,9.05%,8.75%,3.30%,6.51%,7.52%,N/A,N/A,N/A,29.55,N/A,N/A
BMY,24.26,24.54,20.01,3.02,3.77,8.64,9.34,4.02,N/A,N/A,N/A,N/A,0.41,1.52,1.43,0.79,57.69%,20.57%,17.46%,15.08%,6.14%,18.96%,11.15%,N/A,N/A,N/A,41.71,N/A,N/A
AVGO,37.20,27.43,35.43,8.31,8.80,16.57,17.22,8.45,N/A,N/A,N/A,N/A,0.36,2.64,2.43,1.94,54.23%,31.64%,24.64%,24.54%,8.89%,27.56%,13.27%,N/A,N/A,N/A,53.29,N/A,N/A
BR,40.27,40.27,34.75,3.71,10.37,29.73,19.85,4.41,0.18,"$374,022","$39,952.00",6.69,0.79,0.98,0.96,0.17,30.33%,16.17%,13.58%,10.68%,8.42%,34.70%,17.52%,12.19%,231.66,69.85,51.61,229.43,69.18
BRO,32.64,31.25,33.96,6.39,4.73,20.69,17.73,6.10,N/A,N/A,N/A,N/A,0.32,N/A,N/A,N/A,94.99%,31.67%,25.00%,18.82%,6.03%,14.44%,15.45%,N/A,N/A,N/A,22.62,N/A,N/A
BF.B,43.66,43.65,38.67,8.28,11.80,34.63,28.64,9.69,N/A,N/A,N/A,N/A,0.61,3.65,1.89,0.84,60.62%,31.82%,28.45%,21.40%,13.00%,31.08%,24.04%,N/A,N/A,N/A,36.78,N/A,N/A
CHRW,18.59,13.95,17.06,0.62,6.88,151.70,14.06,0.63,N/A,N/A,N/A,N/A,3.80,1.44,1.44,0.08,6.96%,4.68%,4.43%,3.65%,13.87%,43.27%,28.64%,N/A,N/A,N/A,31.68,N/A,N/A
CDNS,75.66,67.03,74.67,17.39,18.82,47.20,55.53,15.57,N/A,N/A,N/A,N/A,0.72,1.77,1.65,1.12,89.07%,26.04%,25.72%,23.29%,16.70%,26.60%,25.06%,N/A,N/A,N/A,10.94,N/A,N/A
CZR,N/A,N/A,N/A,2.06,4.46,16.84,12.75,3.52,N/A,N/A,N/A,N/A,0.26,1.13,1.12,0.26,39.68%,17.83%,-13.26%,-10.33%,-2.66%,-20.83%,5.41%,N/A,N/A,N/A,70.97,N/A,N/A
CPT,49.20,19.45,60.33,15.92,4.79,31.82,27.96,14.08,N/A,N/A,N/A,N/A,0.15,N/A,N/A,N/A,24.74%,19.59%,27.23%,26.29%,4.00%,7.94%,3.20%,N/A,N/A,N/A,39.87,N/A,N/A
CPB,15.20,15.89,13.31,1.57,4.19,12.88,13.04,2.40,0.29,"$601,135","$71,489.00",14.49,0.70,0.93,0.42,0.04,32.01%,14.57%,15.76%,11.89%,8.36%,35.28%,14.15%,12.53%,167.89,62.67,45.10,164.66,61.46
COF,4.30,4.76,5.39,2.02,0.98,5.23,4.34,2.48,N/A,N/A,N/A,N/A,0.07,0.50,N/A,N/A,N/A,49.95%,49.43%,38.42%,2.88%,20.27%,15.36%,N/A,N/A,N/A,10.31,N/A,N/A
CAH,N/A,N/A,N/A,0.08,N/A,4.67,8.34,0.11,N/A,N/A,N/A,N/A,4.11,1.08,0.57,0.15,3.44%,0.92%,-0.42%,-0.51%,-2.11%,-172.46%,24.59%,N/A,N/A,N/A,13.23,N/A,N/A
KMX,14.58,17.00,15.69,0.57,3.36,N/A,39.63,1.04,N/A,N/A,N/A,N/A,1.32,3.20,0.70,0.32,9.64%,1.91%,4.68%,3.61%,4.75%,23.99%,2.72%,N/A,N/A,N/A,72.85,N/A,N/A
CCL,N/A,N/A,N/A,10.37,1.65,N/A,-9.98,6.62,N/A,N/A,N/A,N/A,0.04,0.97,0.94,0.88,-230.03%,-328.14%,-499.06%,-497.96%,-17.77%,-58.11%,-13.09%,N/A,N/A,N/A,64.88,N/A,N/A
CARR,23.53,13.82,29.02,2.34,6.92,21.59,15.65,2.17,N/A,N/A,N/A,N/A,0.80,1.72,1.42,0.46,29.15%,12.07%,11.64%,8.07%,6.49%,25.56%,14.24%,N/A,N/A,N/A,39.06,N/A,N/A
CTLT,35.34,41.04,34.75,4.60,4.71,42.45,22.94,4.69,0.16,"$231,098","$30,578.00",3.70,0.47,2.44,1.97,0.81,33.82%,16.83%,17.88%,13.23%,6.26%,13.60%,9.46%,7.53%,77.91,43.79,36.55,82.73,42.60
CAT,16.64,15.56,17.48,2.22,6.72,15.75,14.28,2.46,N/A,N/A,N/A,N/A,0.63,1.46,0.99,0.31,28.06%,13.67%,16.09%,12.73%,8.06%,40.79%,12.89%,N/A,N/A,N/A,46.42,N/A,N/A
CBOE,24.32,60.56,26.51,4.00,3.86,23.42,13.94,3.78,N/A,N/A,N/A,N/A,0.52,N/A,N/A,N/A,37.45%,23.51%,21.64%,15.09%,7.81%,15.17%,16.86%,N/A,N/A,N/A,20.91,N/A,N/A
CBRE,16.16,14.36,20.07,1.33,4.24,14.48,14.20,1.00,N/A,N/A,N/A,N/A,1.38,N/A,N/A,N/A,20.33%,5.81%,8.68%,6.62%,9.16%,23.54%,12.69%,N/A,N/A,N/A,19.52,N/A,N/A
CDW,25.62,24.38,29.10,1.38,39.12,36.67,19.00,1.38,N/A,N/A,N/A,N/A,1.85,1.27,1.09,0.05,17.14%,7.08%,6.23%,4.75%,8.77%,98.72%,20.79%,N/A,N/A,N/A,56.99,N/A,N/A
CE,6.98,6.53,9.97,2.21,4.33,10.72,7.11,1.71,N/A,N/A,N/A,N/A,0.75,1.52,0.91,0.22,31.09%,22.67%,26.33%,22.40%,16.71%,49.57%,23.31%,N/A,N/A,N/A,35.11,N/A,N/A
CNC,42.37,30.32,36.12,0.39,1.79,11.57,13.22,0.48,N/A,N/A,N/A,N/A,1.68,1.11,N/A,N/A,N/A,2.77%,1.44%,1.07%,1.80%,5.12%,4.28%,N/A,N/A,N/A,28.41,N/A,N/A
CNP,14.25,13.39,12.24,2.04,2.04,773.79,13.36,4.11,N/A,N/A,N/A,N/A,0.23,1.72,1.57,0.39,22.64%,16.32%,9.32%,8.00%,1.83%,7.52%,5.54%,N/A,N/A,N/A,44.26,N/A,N/A
CDAY,N/A,N/A,N/A,15.34,7.13,321.95,230.51,10.04,N/A,N/A,N/A,N/A,0.15,1.11,1.11,0.10,48.09%,-2.74%,-8.82%,-7.36%,-1.09%,-3.49%,-0.90%,N/A,N/A,N/A,16.42,N/A,N/A
CF,24.64,8.50,16.69,2.34,4.58,5.33,7.60,2.26,N/A,N/A,N/A,N/A,0.53,1.81,1.53,1.14,36.11%,32.70%,23.60%,14.03%,7.38%,29.93%,21.84%,N/A,N/A,N/A,29.56,N/A,N/A
CRL,30.65,26.95,48.56,5.36,7.35,24.96,16.76,3.94,N/A,N/A,N/A,N/A,0.57,1.23,1.04,0.24,34.17%,17.02%,13.58%,11.04%,6.25%,16.82%,12.23%,N/A,N/A,N/A,42.03,N/A,N/A
SCHW,25.68,23.88,29.76,8.40,3.29,28.92,5.69,2.69,N/A,N/A,N/A,N/A,0.03,N/A,N/A,N/A,88.20%,42.67%,40.60%,30.82%,0.96%,10.43%,10.69%,N/A,N/A,N/A,3.70,N/A,N/A
CHTR,19.83,14.52,27.04,2.44,8.02,7.75,8.38,3.18,N/A,N/A,N/A,N/A,0.36,0.29,0.29,0.05,39.87%,21.00%,12.36%,9.01%,3.22%,24.59%,9.63%,N/A,N/A,N/A,64.87,N/A,N/A
CVX,19.64,10.77,14.42,1.44,1.63,7.72,10.00,1.66,N/A,N/A,N/A,N/A,0.65,1.26,1.02,0.22,18.04%,10.66%,13.85%,10.00%,6.52%,11.54%,9.36%,N/A,N/A,N/A,14.56,N/A,N/A
CMG,72.64,61.81,76.33,6.60,21.37,33.47,43.40,5.97,N/A,N/A,N/A,N/A,1.04,1.58,1.54,1.23,19.24%,11.48%,10.77%,8.65%,8.99%,30.25%,15.75%,N/A,N/A,N/A,46.05,N/A,N/A
CB,10.25,11.73,10.03,2.09,1.38,6.82,12.05,2.42,N/A,N/A,N/A,N/A,0.23,0.36,N/A,N/A,N/A,19.37%,23.97%,20.85%,4.80%,14.33%,13.54%,N/A,N/A,N/A,10.10,N/A,N/A
CHD,26.45,27.70,30.92,4.93,7.69,25.74,19.72,4.49,N/A,N/A,N/A,N/A,0.67,0.59,0.34,0.12,41.29%,19.12%,19.88%,15.94%,10.74%,26.46%,17.50%,N/A,N/A,N/A,34.19,N/A,N/A
CI,18.49,16.90,14.59,0.45,1.57,10.89,10.70,0.68,N/A,N/A,N/A,N/A,1.15,0.83,N/A,N/A,N/A,4.84%,3.89%,3.08%,3.56%,11.01%,10.20%,N/A,N/A,N/A,22.79,N/A,N/A
CINF,5.76,30.72,6.29,1.92,1.39,9.36,4.29,2.29,N/A,N/A,N/A,N/A,0.33,0.61,N/A,N/A,N/A,38.66%,38.11%,30.59%,10.12%,24.66%,46.92%,N/A,N/A,N/A,2.88,N/A,N/A
CTAS,37.27,36.88,34.18,5.35,12.25,27.34,23.56,5.96,N/A,N/A,N/A,N/A,0.92,1.14,0.81,0.06,46.24%,20.21%,19.08%,15.66%,14.48%,35.15%,25.04%,N/A,N/A,N/A,35.21,N/A,N/A
CSCO,18.64,16.19,22.15,4.71,5.66,15.18,11.71,3.51,0.06,"$626,642","$133,220",4.82,0.52,1.49,1.43,0.93,63.59%,27.32%,26.62%,21.26%,11.01%,26.75%,25.32%,20.91%,30.75,23.52,13.02,23.86,18.25
C,5.36,6.83,5.95,1.54,0.65,5.63,17.20,6.51,N/A,N/A,N/A,N/A,0.04,1.33,N/A,N/A,N/A,34.52%,34.26%,27.18%,0.96%,10.86%,4.00%,N/A,N/A,N/A,20.76,N/A,N/A
CFG,7.73,11.38,9.16,2.86,0.93,16.97,7.96,3.62,N/A,N/A,N/A,N/A,0.04,0.10,N/A,N/A,N/A,42.18%,42.18%,32.86%,1.24%,10.06%,9.40%,N/A,N/A,N/A,4.11,N/A,N/A
CTXS,42.25,39.81,38.84,3.71,21.58,17.78,22.85,4.85,N/A,N/A,N/A,N/A,0.54,0.70,0.69,0.22,76.13%,11.08%,5.20%,9.56%,5.18%,93.27%,11.53%,N/A,N/A,N/A,50.88,N/A,N/A
CLX,39.26,39.22,37.81,2.46,31.23,22.22,22.78,2.95,N/A,N/A,N/A,N/A,1.14,0.97,0.54,0.10,35.05%,9.79%,8.54%,6.50%,7.40%,95.55%,18.25%,N/A,N/A,N/A,50.70,N/A,N/A
CME,27.79,25.13,31.33,17.49,2.99,34.13,24.38,15.26,N/A,N/A,N/A,N/A,0.03,N/A,N/A,N/A,79.39%,56.40%,71.94%,56.21%,1.64%,9.81%,8.55%,N/A,N/A,N/A,2.04,N/A,N/A
CMS,14.96,15.32,13.97,2.57,2.94,10.35,14.27,4.00,N/A,N/A,N/A,N/A,0.25,1.19,0.89,0.22,20.94%,15.64%,11.23%,10.25%,2.57%,12.39%,5.59%,N/A,N/A,N/A,43.48,N/A,N/A
KO,28.29,28.97,26.30,6.64,11.13,20.35,25.28,7.42,N/A,N/A,N/A,N/A,0.43,1.13,0.96,0.63,59.95%,27.62%,32.08%,25.23%,10.76%,46.20%,15.87%,N/A,N/A,N/A,46.88,N/A,N/A
CTSH,17.24,16.09,21.92,2.53,3.88,18.78,10.51,1.82,N/A,N/A,N/A,N/A,1.06,2.08,2.08,0.77,33.90%,14.93%,15.28%,11.55%,12.29%,18.72%,21.04%,N/A,N/A,N/A,9.27,N/A,N/A
CL,31.45,34.67,33.42,4.16,117.78,21.77,16.71,4.19,N/A,N/A,N/A,N/A,1.13,1.09,0.67,0.21,59.08%,22.31%,17.72%,12.43%,13.99%,320.41%,42.89%,N/A,N/A,N/A,52.08,N/A,N/A
CMCSA,13.15,12.77,16.54,2.01,2.37,8.04,7.94,2.26,N/A,N/A,N/A,N/A,0.42,0.85,0.85,0.30,55.10%,17.89%,16.41%,12.17%,5.15%,15.19%,10.11%,N/A,N/A,N/A,38.88,N/A,N/A
CMA,10.29,12.38,10.46,4.06,1.52,18.80,8.19,4.36,N/A,N/A,N/A,N/A,0.03,0.50,N/A,N/A,N/A,51.19%,50.71%,39.58%,1.27%,14.59%,11.95%,N/A,N/A,N/A,3.33,N/A,N/A
CAG,18.67,18.68,18.00,1.39,1.81,13.58,12.33,2.23,N/A,N/A,N/A,N/A,0.52,0.86,0.31,0.02,24.48%,14.80%,8.96%,7.70%,3.98%,10.24%,9.49%,N/A,N/A,N/A,41.19,N/A,N/A
COP,16.89,8.37,11.87,2.08,2.07,5.64,7.53,2.25,N/A,N/A,N/A,N/A,0.60,1.34,1.23,0.47,31.98%,26.87%,27.60%,17.54%,10.54%,21.47%,22.09%,N/A,N/A,N/A,22.72,N/A,N/A
ED,25.73,21.76,22.15,2.18,1.51,10.91,12.28,4.09,N/A,N/A,N/A,N/A,0.22,1.02,0.94,0.21,41.21%,20.48%,10.11%,9.84%,2.14%,6.92%,6.23%,N/A,N/A,N/A,40.19,N/A,N/A
STZ,N/A,41.15,N/A,4.65,3.44,15.17,16.58,6.02,N/A,N/A,N/A,N/A,0.33,1.23,0.65,0.07,52.14%,32.92%,3.52%,-0.46%,-0.15%,-0.32%,12.12%,N/A,N/A,N/A,42.37,N/A,N/A
CEG,N/A,N/A,N/A,N/A,N/A,N/A,8.58,1.74,N/A,N/A,N/A,N/A,0.41,1.00,0.84,0.07,-0.37%,-2.78%,0.77%,-1.04%,-0.43%,-1.74%,-2.62%,N/A,N/A,N/A,17.04,N/A,N/A
COO,5.65,17.51,7.05,7.10,2.96,28.11,20.93,5.78,N/A,N/A,N/A,N/A,0.36,2.00,1.20,0.13,61.92%,17.97%,16.82%,100.76%,36.03%,54.70%,7.20%,N/A,N/A,N/A,18.18,N/A,N/A
CPRT,33.35,28.91,37.72,13.12,9.87,35.65,24.13,9.02,0.01,"$313,083","$108,895",6.14,0.67,3.82,3.71,2.49,49.10%,42.21%,41.67%,34.78%,23.36%,31.12%,32.22%,26.73%,14.68,12.80,11.36,14.04,12.25
GLW,29.36,16.05,29.12,2.23,2.51,9.21,10.34,2.57,N/A,N/A,N/A,N/A,0.46,1.59,1.08,0.45,35.26%,15.19%,17.04%,13.55%,6.26%,14.90%,10.05%,N/A,N/A,N/A,25.96,N/A,N/A
CTVA,26.04,26.06,19.93,2.24,1.35,12.86,16.03,2.48,N/A,N/A,N/A,N/A,0.37,1.63,1.08,0.51,36.61%,8.53%,14.99%,11.57%,4.26%,7.22%,4.96%,N/A,N/A,N/A,3.72,N/A,N/A
COST,47.67,42.33,39.97,1.02,11.33,22.34,25.33,1.09,0.06,"$680,309","$17,385.00",116.87,3.41,1.00,0.52,0.41,12.88%,3.73%,3.41%,2.56%,8.72%,27.93%,24.63%,17.60%,64.95,39.37,19.25,58.72,35.60
CTRA,12.51,8.17,8.29,2.61,1.32,5.74,9.75,3.51,N/A,N/A,N/A,N/A,0.30,1.75,1.72,0.86,56.05%,51.58%,40.93%,31.55%,9.32%,16.54%,20.32%,N/A,N/A,N/A,17.09,N/A,N/A
CCI,68.09,51.00,78.23,14.29,10.92,32.48,28.69,15.59,N/A,N/A,N/A,N/A,0.16,N/A,N/A,N/A,42.98%,31.91%,18.60%,16.31%,2.66%,11.67%,5.77%,N/A,N/A,N/A,69.18,N/A,N/A
CSX,20.49,18.86,22.43,6.77,6.14,16.63,13.40,6.32,N/A,N/A,N/A,N/A,0.31,1.73,1.58,1.04,42.24%,41.20%,39.54%,30.19%,9.29%,28.44%,16.99%,N/A,N/A,N/A,41.10,N/A,N/A
CMI,15.59,15.79,14.94,1.32,3.67,14.11,11.68,1.35,N/A,N/A,N/A,N/A,1.04,1.74,1.12,0.45,23.62%,9.20%,11.45%,8.87%,9.20%,25.77%,16.00%,N/A,N/A,N/A,19.46,N/A,N/A
CVS,17.88,17.21,17.33,0.47,1.82,7.51,10.29,0.65,N/A,N/A,N/A,N/A,1.22,0.88,0.62,0.23,17.77%,5.12%,3.57%,2.71%,3.30%,10.95%,9.76%,N/A,N/A,N/A,31.60,N/A,N/A
DHI,6.98,5.06,7.36,1.11,2.01,57.48,5.47,0.94,0.16,$2.356M,"$354,242",93.66,1.28,6.30,1.13,1.01,28.35%,19.41%,19.29%,15.03%,19.28%,31.25%,29.06%,24.52%,36.61,26.80,22.49,30.59,22.39
DHR,34.56,35.20,38.19,8.23,5.61,29.00,23.22,7.70,N/A,N/A,N/A,N/A,0.37,1.43,1.09,0.32,60.95%,27.33%,25.80%,21.55%,7.97%,14.95%,12.35%,N/A,N/A,N/A,27.98,N/A,N/A
DRI,17.86,17.37,17.06,1.69,7.11,12.86,14.29,2.27,N/A,N/A,N/A,N/A,0.81,0.64,0.49,0.26,16.87%,12.06%,11.36%,9.91%,7.99%,38.10%,13.95%,N/A,N/A,N/A,50.35,N/A,N/A
DVA,10.39,10.84,12.78,1.08,14.65,6.47,8.10,1.71,N/A,N/A,N/A,N/A,0.65,1.32,1.28,0.24,25.53%,15.24%,13.07%,8.42%,5.49%,91.48%,12.45%,N/A,N/A,N/A,67.01,N/A,N/A
DE,19.39,19.06,18.03,2.44,5.72,13.91,13.86,3.33,N/A,N/A,N/A,N/A,0.55,0.77,0.53,0.31,31.67%,20.36%,17.29%,13.56%,7.49%,38.02%,14.14%,N/A,N/A,N/A,57.89,N/A,N/A
DAL,78.98,36.92,89.47,0.84,6.43,7.67,-70.04,1.08,N/A,N/A,N/A,N/A,0.39,0.76,0.71,0.55,-0.96%,-8.85%,1.33%,0.94%,0.37%,10.33%,-6.99%,N/A,N/A,N/A,43.48,N/A,N/A
XRAY,19.69,22.22,29.18,2.89,2.41,18.70,10.15,2.40,N/A,N/A,N/A,N/A,0.46,1.55,1.12,0.29,55.35%,15.17%,13.15%,9.90%,4.54%,8.41%,8.74%,N/A,N/A,N/A,24.84,N/A,N/A
DVN,15.66,8.23,10.53,2.13,3.15,5.98,6.79,2.47,N/A,N/A,N/A,N/A,0.89,1.38,1.38,0.74,37.88%,35.04%,21.08%,20.24%,17.99%,45.82%,40.61%,N/A,N/A,N/A,32.15,N/A,N/A
DXCM,232.50,185.47,347.41,21.95,23.13,121.47,93.57,12.87,N/A,N/A,N/A,N/A,0.53,5.07,4.58,3.76,68.63%,10.86%,7.10%,6.32%,3.35%,7.59%,6.82%,N/A,N/A,N/A,38.63,N/A,N/A
FANG,10.82,6.14,8.77,2.81,1.58,4.84,5.55,3.26,N/A,N/A,N/A,N/A,0.34,1.01,0.96,0.47,62.25%,60.01%,42.77%,32.10%,10.77%,20.90%,22.82%,N/A,N/A,N/A,29.58,N/A,N/A
DLR,22.14,28.87,29.79,11.31,2.91,29.43,23.25,10.76,N/A,N/A,N/A,N/A,0.12,N/A,N/A,N/A,26.26%,17.16%,41.11%,38.60%,4.72%,9.57%,2.26%,N/A,N/A,N/A,41.13,N/A,N/A
DFS,6.14,6.91,6.48,2.71,2.70,5.76,6.23,3.41,N/A,N/A,N/A,N/A,0.11,0.21,N/A,N/A,N/A,56.66%,55.20%,42.35%,4.84%,44.62%,22.05%,N/A,N/A,N/A,18.29,N/A,N/A
DISH,5.31,6.21,8.56,1.15,1.11,6.34,6.53,1.62,N/A,N/A,N/A,N/A,0.41,1.15,1.07,0.83,30.30%,17.91%,18.00%,13.48%,5.55%,16.45%,9.31%,N/A,N/A,N/A,47.35,N/A,N/A
DIS,111.39,70.61,161.27,4.77,3.61,57.81,29.80,3.21,0.15,N/A,N/A,5.17,0.33,1.01,0.97,0.51,25.61%,5.55%,3.80%,3.00%,1.00%,2.35%,2.34%,1.46%,61.44,38.06,28.64,54.81,33.95
DG,24.90,25.57,20.08,1.41,7.51,16.81,18.48,2.07,N/A,N/A,N/A,N/A,1.19,1.05,0.12,0.06,31.60%,9.42%,8.95%,7.01%,8.34%,37.13%,15.82%,N/A,N/A,N/A,49.03,N/A,N/A
DLTR,28.76,25.34,22.16,1.12,3.75,20.55,18.14,1.74,N/A,N/A,N/A,N/A,1.24,1.34,0.30,0.24,29.28%,7.03%,6.20%,5.04%,6.26%,17.70%,10.69%,N/A,N/A,N/A,45.90,N/A,N/A
D,20.80,31.31,19.73,4.55,2.49,15.73,17.90,7.21,N/A,N/A,N/A,N/A,0.14,0.84,0.65,0.05,57.05%,24.02%,22.19%,18.96%,2.71%,9.62%,5.00%,N/A,N/A,N/A,41.34,N/A,N/A
DPZ,30.44,31.87,41.67,4.88,N/A,32.51,22.93,4.44,N/A,N/A,N/A,N/A,2.69,1.46,1.34,0.83,38.74%,17.94%,14.36%,11.72%,31.52%,N/A,73.08%,N/A,N/A,N/A,316.53,N/A,N/A
DOV,18.03,17.66,23.48,3.34,6.24,23.64,14.36,2.79,N/A,N/A,N/A,N/A,0.81,1.36,0.83,0.17,37.63%,16.54%,17.72%,14.21%,11.49%,29.67%,18.43%,N/A,N/A,N/A,31.83,N/A,N/A
DOW,6.67,6.18,6.77,0.77,2.30,6.06,4.94,0.88,N/A,N/A,N/A,N/A,0.88,1.58,1.02,0.25,18.90%,14.35%,14.82%,11.42%,10.09%,41.04%,23.57%,N/A,N/A,N/A,25.62,N/A,N/A
DTE,28.92,34.44,25.62,1.54,2.66,7.52,14.09,2.47,N/A,N/A,N/A,N/A,0.35,0.52,0.39,0.01,14.23%,11.37%,4.36%,5.27%,1.86%,7.52%,5.78%,N/A,N/A,N/A,45.95,N/A,N/A
DUK,22.30,22.29,21.22,3.21,1.70,9.68,14.27,5.66,N/A,N/A,N/A,N/A,0.15,0.62,0.42,0.03,28.31%,22.78%,15.00%,15.54%,2.28%,8.02%,4.91%,N/A,N/A,N/A,39.27,N/A,N/A
DRE,28.88,26.35,29.23,22.76,4.15,35.75,40.60,25.86,N/A,N/A,N/A,N/A,0.11,N/A,N/A,N/A,38.91%,31.09%,79.59%,77.00%,8.71%,15.20%,3.70%,N/A,N/A,N/A,36.09,N/A,N/A
DD,5.28,16.98,6.80,2.64,1.56,19.27,9.50,2.68,N/A,N/A,N/A,N/A,0.29,1.89,1.22,0.47,32.16%,17.31%,13.19%,10.54%,3.01%,5.41%,5.77%,N/A,N/A,N/A,24.63,N/A,N/A
DXC,9.47,11.67,11.60,0.51,1.53,4.20,4.16,0.61,N/A,N/A,N/A,N/A,0.77,1.09,1.09,0.39,10.94%,2.97%,7.02%,4.41%,3.40%,14.32%,4.06%,N/A,N/A,N/A,30.63,N/A,N/A
EMN,16.18,10.48,19.34,1.58,2.73,10.24,8.64,1.59,N/A,N/A,N/A,N/A,0.66,1.56,1.06,0.15,24.02%,14.01%,10.32%,8.18%,5.42%,14.62%,12.74%,N/A,N/A,N/A,34.58,N/A,N/A
ETN,28.55,26.41,32.37,3.54,4.20,32.09,18.25,3.50,N/A,N/A,N/A,N/A,0.60,1.04,0.63,0.08,32.17%,14.62%,14.75%,10.92%,6.51%,13.68%,11.72%,N/A,N/A,N/A,26.56,N/A,N/A
EBAY,N/A,76.15,N/A,4.14,4.04,16.32,8.32,2.92,N/A,N/A,N/A,N/A,0.46,1.97,1.97,1.58,74.66%,28.85%,3.80%,2.40%,1.10%,3.78%,19.46%,N/A,N/A,N/A,35.42,N/A,N/A
ECL,44.54,45.12,60.02,5.33,9.32,32.89,23.11,4.32,N/A,N/A,N/A,N/A,0.65,1.32,0.90,0.10,41.01%,13.23%,11.11%,8.87%,5.75%,16.88%,11.33%,N/A,N/A,N/A,43.18,N/A,N/A
EIX,35.42,53.45,34.17,1.74,1.87,"2,357.73",10.99,3.38,N/A,N/A,N/A,N/A,0.21,0.64,0.59,0.05,23.50%,18.92%,5.29%,5.49%,1.14%,5.47%,6.45%,N/A,N/A,N/A,39.51,N/A,N/A
EW,44.01,45.13,54.40,15.63,13.85,47.21,36.19,11.99,N/A,N/A,N/A,N/A,0.66,3.08,2.38,1.42,76.57%,30.78%,32.53%,28.73%,19.10%,28.88%,27.31%,N/A,N/A,N/A,8.12,N/A,N/A
EA,47.62,41.20,45.86,5.17,4.65,19.05,22.03,4.99,N/A,N/A,N/A,N/A,0.52,1.18,1.18,0.87,71.01%,16.30%,15.43%,11.26%,5.83%,10.20%,11.51%,N/A,N/A,N/A,16.17,N/A,N/A
ELV,19.88,19.61,18.74,0.83,3.11,13.68,13.38,0.92,N/A,N/A,N/A,N/A,1.49,1.47,N/A,N/A,N/A,6.45%,5.72%,4.40%,6.57%,17.63%,13.02%,N/A,N/A,N/A,24.65,N/A,N/A
LLY,49.19,47.78,45.12,8.89,29.34,34.68,32.89,10.29,N/A,N/A,N/A,N/A,0.59,1.23,0.97,0.26,74.18%,26.65%,21.74%,19.71%,11.70%,76.35%,31.15%,N/A,N/A,N/A,34.60,N/A,N/A
EMR,23.31,16.83,24.62,3.11,5.68,15.86,14.44,3.01,0.12,"$210,300","$26,563.00",5.40,0.77,1.35,1.02,0.38,39.59%,16.67%,15.97%,12.63%,9.68%,25.19%,18.09%,14.77%,73.19,42.26,29.27,62.79,36.26
ENPH,293.61,209.34,179.49,18.91,56.94,74.25,164.31,23.38,N/A,N/A,N/A,N/A,0.84,3.33,3.16,2.31,40.12%,15.97%,8.75%,10.52%,8.87%,31.82%,19.04%,N/A,N/A,N/A,50.66,N/A,N/A
ETR,21.84,20.21,20.33,1.94,1.96,9.88,12.36,4.17,N/A,N/A,N/A,N/A,0.20,0.51,0.32,0.07,23.07%,16.47%,11.19%,9.56%,1.90%,9.73%,5.16%,N/A,N/A,N/A,46.03,N/A,N/A
EOG,14.34,11.79,11.12,2.62,2.34,5.90,5.98,2.54,N/A,N/A,N/A,N/A,0.53,2.12,1.98,1.29,44.80%,36.93%,30.00%,23.58%,12.60%,21.96%,26.49%,N/A,N/A,N/A,15.45,N/A,N/A
EPAM,54.56,71.69,81.97,10.51,15.28,62.06,35.14,5.43,N/A,N/A,N/A,N/A,1.20,2.97,2.97,1.90,31.57%,14.48%,14.19%,12.82%,15.43%,21.55%,21.83%,N/A,N/A,N/A,6.79,N/A,N/A
EFX,36.93,36.56,48.63,7.35,9.97,27.11,19.84,6.26,N/A,N/A,N/A,N/A,0.48,0.49,0.49,0.10,50.01%,23.29%,19.28%,15.11%,7.21%,22.04%,13.91%,N/A,N/A,N/A,47.96,N/A,N/A
EQIX,127.35,100.58,152.89,11.52,7.04,28.07,26.22,11.17,N/A,N/A,N/A,N/A,0.24,N/A,N/A,N/A,60.51%,19.50%,9.17%,7.54%,1.82%,4.65%,5.13%,N/A,N/A,N/A,53.70,N/A,N/A
EQR,22.56,24.07,25.53,14.44,3.11,28.08,26.46,14.88,N/A,N/A,N/A,N/A,0.12,N/A,N/A,N/A,26.53%,25.51%,57.60%,54.79%,6.43%,12.41%,3.12%,N/A,N/A,N/A,40.88,N/A,N/A
ESS,39.59,50.31,46.93,15.91,3.83,21.64,27.67,16.92,N/A,N/A,N/A,N/A,0.11,N/A,N/A,N/A,30.48%,28.25%,35.80%,33.91%,3.77%,8.15%,3.30%,N/A,N/A,N/A,48.92,N/A,N/A
EL,35.33,29.84,40.81,7.21,19.00,32.25,26.84,5.60,0.07,"$262,113","$46,290.00",11.22,0.82,1.84,1.37,0.94,76.51%,19.28%,20.50%,17.66%,14.44%,57.45%,22.54%,23.08%,133.71,57.21,36.86,126.93,54.31
ETSY,35.29,41.88,64.44,13.79,44.24,49.29,28.84,6.89,N/A,N/A,N/A,N/A,0.75,2.18,2.18,1.60,71.90%,21.57%,20.25%,21.19%,15.83%,71.99%,20.32%,N/A,N/A,N/A,63.57,N/A,N/A
RE,7.96,13.95,7.91,0.91,1.06,2.63,7.84,1.08,N/A,N/A,N/A,N/A,0.36,0.43,N/A,N/A,N/A,13.62%,13.03%,11.47%,4.12%,13.70%,13.76%,N/A,N/A,N/A,9.11,N/A,N/A
EVRG,18.50,19.92,17.91,2.82,1.70,11.65,11.94,5.09,N/A,N/A,N/A,N/A,0.20,0.55,0.37,0.01,31.13%,24.32%,17.92%,15.75%,3.16%,9.79%,6.84%,N/A,N/A,N/A,39.61,N/A,N/A
ES,26.29,24.33,25.69,3.18,2.15,15.98,15.73,4.78,N/A,N/A,N/A,N/A,0.21,0.56,0.51,0.01,28.62%,20.21%,15.94%,12.37%,2.58%,8.52%,5.92%,N/A,N/A,N/A,41.92,N/A,N/A
EXC,26.52,17.07,33.18,1.44,1.64,18.79,7.19,2.95,N/A,N/A,N/A,N/A,0.30,0.87,0.75,0.10,21.24%,16.75%,5.62%,4.34%,1.30%,5.09%,8.55%,N/A,N/A,N/A,32.71,N/A,N/A
EXPE,N/A,53.94,N/A,3.15,13.67,7.22,19.27,1.94,N/A,N/A,N/A,N/A,0.43,0.87,0.87,0.64,72.83%,3.04%,-0.44%,0.14%,0.06%,0.52%,2.06%,N/A,N/A,N/A,41.24,N/A,N/A
EXPD,12.96,11.62,16.25,1.39,6.43,26.48,8.53,0.88,N/A,N/A,N/A,N/A,2.64,1.52,1.52,0.46,14.23%,11.56%,11.65%,8.57%,22.58%,46.00%,54.03%,N/A,N/A,N/A,6.15,N/A,N/A
EXR,34.22,32.21,36.60,20.13,9.74,33.33,33.13,19.51,N/A,N/A,N/A,N/A,0.16,N/A,N/A,N/A,57.56%,51.08%,55.07%,50.53%,8.02%,28.14%,8.44%,N/A,N/A,N/A,60.30,N/A,N/A
XOM,17.44,10.22,11.35,0.93,1.54,5.44,9.05,1.22,N/A,N/A,N/A,N/A,0.84,1.04,0.71,0.12,24.10%,9.91%,11.13%,8.21%,6.86%,14.15%,11.93%,N/A,N/A,N/A,15.65,N/A,N/A
FFIV,32.35,30.39,37.24,4.74,5.11,17.70,15.91,3.77,0.06,"$402,943","$51,268.00",5.26,0.54,1.13,1.12,0.65,79.46%,17.13%,14.86%,12.72%,6.85%,14.43%,14.67%,11.14%,30.31,23.26,14.31,27.40,21.03
FDS,42.57,43.39,36.70,9.21,14.07,24.52,29.07,9.62,0.06,"$146,111","$36,687.00",10.39,0.74,2.96,2.96,2.27,66.30%,29.79%,29.38%,25.11%,18.55%,41.78%,25.94%,22.24%,85.22,46.01,38.93,82.11,44.33
FAST,34.80,31.23,39.97,6.15,12.12,48.01,23.38,4.94,N/A,N/A,N/A,N/A,1.45,4.19,1.95,0.35,43.54%,20.25%,20.09%,15.39%,22.39%,32.03%,34.48%,N/A,N/A,N/A,14.81,N/A,N/A
FRT,34.25,32.58,41.81,11.48,4.43,22.24,23.65,12.78,N/A,N/A,N/A,N/A,0.12,N/A,N/A,N/A,38.61%,33.18%,29.29%,28.34%,3.42%,10.32%,4.21%,N/A,N/A,N/A,57.19,N/A,N/A
FDX,16.07,15.77,15.64,0.64,2.34,6.08,8.60,0.97,N/A,N/A,N/A,N/A,1.11,1.43,1.38,0.48,21.57%,6.98%,5.24%,4.08%,4.53%,15.55%,10.63%,N/A,N/A,N/A,43.25,N/A,N/A
FITB,10.05,11.30,11.68,3.80,1.48,12.71,9.57,4.17,N/A,N/A,N/A,N/A,0.04,0.42,N/A,N/A,N/A,41.74%,43.19%,33.93%,1.33%,12.19%,8.99%,N/A,N/A,N/A,6.31,N/A,N/A
FRC,22.05,20.81,26.96,7.01,3.02,16.14,12.06,4.18,N/A,N/A,N/A,N/A,0.03,1.83,N/A,N/A,N/A,34.46%,34.46%,27.86%,0.91%,10.69%,7.45%,N/A,N/A,N/A,3.79,N/A,N/A
FE,18.04,17.11,18.37,2.04,2.73,8.08,13.45,3.97,N/A,N/A,N/A,N/A,0.25,0.73,0.67,0.34,26.23%,16.59%,14.00%,11.13%,2.76%,15.57%,5.70%,N/A,N/A,N/A,53.19,N/A,N/A
FIS,152.08,73.75,162.55,4.88,1.40,14.09,13.23,5.63,N/A,N/A,N/A,N/A,0.17,0.74,0.74,0.14,37.44%,15.15%,5.69%,3.00%,0.50%,0.86%,3.04%,N/A,N/A,N/A,25.17,N/A,N/A
FISV,55.06,35.10,52.25,4.30,2.18,16.80,16.40,5.36,N/A,N/A,N/A,N/A,0.22,1.03,1.03,0.05,49.86%,15.46%,10.27%,8.22%,1.77%,4.22%,4.62%,N/A,N/A,N/A,28.82,N/A,N/A
FLT,22.80,18.97,22.41,6.64,6.16,15.72,13.82,6.68,N/A,N/A,N/A,N/A,0.23,1.04,1.04,0.43,71.66%,44.83%,39.13%,29.63%,6.83%,26.98%,15.19%,N/A,N/A,N/A,45.34,N/A,N/A
FMC,19.73,20.63,19.32,2.81,4.56,17.31,12.64,3.13,N/A,N/A,N/A,N/A,0.49,1.40,1.00,0.15,43.63%,23.41%,17.72%,15.91%,7.73%,26.79%,18.43%,N/A,N/A,N/A,31.53,N/A,N/A
F,3.64,5.62,4.67,0.61,1.76,5.31,14.09,1.05,N/A,N/A,N/A,N/A,0.52,1.20,1.07,0.55,18.00%,3.69%,13.04%,13.16%,6.84%,45.29%,2.64%,N/A,N/A,N/A,54.27,N/A,N/A
FTNT,74.75,65.25,98.97,17.97,74.48,40.05,57.63,11.03,N/A,N/A,N/A,N/A,0.67,1.55,1.48,1.10,76.02%,19.32%,18.80%,18.16%,12.18%,74.10%,46.75%,N/A,N/A,N/A,17.83,N/A,N/A
FTV,42.06,37.70,46.83,5.11,2.88,27.96,22.57,5.02,N/A,N/A,N/A,N/A,0.32,0.68,0.54,0.22,57.28%,15.82%,12.89%,11.69%,3.78%,6.65%,6.14%,N/A,N/A,N/A,25.16,N/A,N/A
FBHS,12.55,12.15,19.31,1.95,4.71,21.65,8.55,1.43,N/A,N/A,N/A,N/A,1.00,1.39,0.79,0.24,35.06%,14.43%,13.13%,10.09%,10.10%,26.45%,19.21%,N/A,N/A,N/A,36.68,N/A,N/A
FOXA,17.27,16.96,15.21,1.31,N/A,9.73,7.78,1.63,N/A,N/A,N/A,N/A,0.62,3.61,3.26,2.26,32.16%,18.42%,12.12%,8.62%,5.34%,10.73%,13.33%,N/A,N/A,N/A,32.48,N/A,N/A
FOX,17.27,16.96,15.21,1.31,N/A,9.73,7.78,1.63,N/A,N/A,N/A,N/A,0.62,3.61,3.26,2.26,32.16%,18.42%,12.12%,8.62%,5.34%,10.73%,13.33%,N/A,N/A,N/A,32.48,N/A,N/A
BEN,8.12,8.57,8.32,1.71,1.33,11.83,6.88,2.05,0.40,"$826,835","$170,243",6.48,0.38,N/A,N/A,N/A,71.09%,25.52%,28.70%,20.59%,7.90%,16.44%,11.81%,10.47%,67.62,40.34,31.40,65.81,39.26
FCX,10.90,9.48,14.39,2.77,4.35,8.02,4.83,1.92,N/A,N/A,N/A,N/A,0.50,2.52,1.75,1.39,37.07%,34.95%,34.26%,19.23%,9.54%,35.60%,25.45%,N/A,N/A,N/A,20.34,N/A,N/A
GRMN,17.85,19.08,23.99,5.21,4.24,25.64,12.77,3.51,N/A,N/A,N/A,N/A,0.67,2.93,2.08,1.27,58.01%,24.46%,24.22%,21.72%,14.54%,18.61%,20.63%,N/A,N/A,N/A,1.15,N/A,N/A
IT,33.45,33.90,36.31,6.09,74.24,21.95,23.40,5.35,N/A,N/A,N/A,N/A,0.64,0.66,0.66,0.23,65.01%,18.57%,20.49%,16.76%,10.77%,108.60%,23.27%,N/A,N/A,N/A,43.83,N/A,N/A
GNRC,33.79,36.30,42.39,6.05,10.13,55.00,22.76,4.25,N/A,N/A,N/A,N/A,0.92,1.60,0.66,0.13,35.04%,19.69%,18.50%,14.27%,13.15%,29.60%,25.55%,N/A,N/A,N/A,22.22,N/A,N/A
GD,20.60,20.06,18.05,1.53,3.28,13.77,15.27,2.01,N/A,N/A,N/A,N/A,0.76,1.43,1.05,0.11,16.66%,10.82%,10.07%,8.47%,6.43%,19.56%,13.53%,N/A,N/A,N/A,26.98,N/A,N/A
GE,N/A,N/A,N/A,1.40,2.58,31.13,13.08,1.31,N/A,N/A,N/A,N/A,0.33,1.28,0.97,0.54,27.82%,6.01%,-4.97%,-4.49%,-1.47%,-8.79%,4.55%,N/A,N/A,N/A,19.12,N/A,N/A
GIS,17.42,17.37,15.81,2.25,3.97,12.91,15.24,3.01,N/A,N/A,N/A,N/A,0.60,0.63,0.40,0.11,33.08%,16.73%,16.90%,14.25%,8.48%,27.06%,13.77%,N/A,N/A,N/A,38.03,N/A,N/A
GM,5.89,7.49,8.75,0.68,1.47,5.67,6.39,1.03,N/A,N/A,N/A,N/A,0.53,1.10,0.93,0.42,20.30%,7.34%,10.01%,7.89%,4.18%,19.12%,5.53%,N/A,N/A,N/A,45.19,N/A,N/A
GPC,25.37,20.40,22.50,1.07,5.71,16.07,15.74,1.22,N/A,N/A,N/A,N/A,1.36,1.18,0.59,0.11,33.61%,6.92%,6.36%,4.76%,6.47%,26.85%,18.73%,N/A,N/A,N/A,24.24,N/A,N/A
GILD,12.76,19.18,14.72,3.35,4.32,8.05,8.07,3.60,N/A,N/A,N/A,N/A,0.40,1.27,1.13,0.64,75.88%,37.27%,30.24%,22.74%,9.13%,31.70%,20.67%,N/A,N/A,N/A,40.15,N/A,N/A
GL,14.30,14.43,12.98,1.89,1.08,6.73,11.63,2.34,N/A,N/A,N/A,N/A,0.17,0.38,N/A,N/A,N/A,19.99%,17.84%,14.57%,2.53%,8.56%,8.32%,N/A,N/A,N/A,6.81,N/A,N/A
GPN,41.20,489.80,41.12,4.66,1.50,14.28,13.32,5.51,N/A,N/A,N/A,N/A,0.19,1.06,1.06,0.48,55.73%,20.60%,12.25%,11.33%,2.16%,3.65%,4.61%,N/A,N/A,N/A,27.90,N/A,N/A
GS,5.95,8.12,6.44,2.12,1.29,N/A,21.82,11.89,N/A,N/A,N/A,N/A,0.05,1.22,N/A,N/A,N/A,42.88%,42.05%,33.64%,1.65%,21.02%,4.65%,N/A,N/A,N/A,36.49,N/A,N/A
HAL,18.09,18.76,14.00,1.33,3.05,10.68,12.55,1.95,N/A,N/A,N/A,N/A,0.71,2.31,1.76,0.71,13.18%,11.85%,8.19%,9.53%,6.78%,24.93%,10.98%,N/A,N/A,N/A,46.28,N/A,N/A
HIG,10.42,11.02,10.43,1.09,1.32,5.97,7.06,1.21,N/A,N/A,N/A,N/A,0.32,0.30,N/A,N/A,N/A,13.98%,12.93%,10.56%,3.38%,12.99%,13.88%,N/A,N/A,N/A,6.98,N/A,N/A
HAS,25.39,20.32,31.61,2.11,4.47,16.57,7.87,2.17,N/A,N/A,N/A,N/A,0.62,1.52,1.29,0.42,48.77%,13.64%,9.06%,6.68%,4.11%,14.48%,11.26%,N/A,N/A,N/A,41.86,N/A,N/A
HCA,10.35,9.95,12.14,1.44,N/A,9.43,7.82,1.63,N/A,N/A,N/A,N/A,1.20,1.41,1.21,0.16,16.47%,16.47%,16.74%,11.84%,14.16%,N/A,26.10%,N/A,N/A,N/A,72.38,N/A,N/A
PEAK,174.74,72.21,222.23,10.26,2.99,23.37,21.62,10.93,N/A,N/A,N/A,N/A,0.12,N/A,N/A,N/A,23.13%,16.73%,6.77%,6.15%,0.75%,1.75%,2.29%,N/A,N/A,N/A,42.94,N/A,N/A
HSIC,17.43,16.38,17.03,0.86,3.00,14.97,10.84,0.91,N/A,N/A,N/A,N/A,1.53,1.67,0.86,0.05,29.61%,6.89%,6.70%,5.03%,7.68%,18.42%,15.25%,N/A,N/A,N/A,14.35,N/A,N/A
HSY,31.74,28.60,27.20,4.48,14.46,19.30,22.73,5.28,N/A,N/A,N/A,N/A,0.92,0.90,0.50,0.13,44.23%,22.02%,20.03%,16.47%,15.12%,59.20%,26.01%,N/A,N/A,N/A,51.63,N/A,N/A
HES,62.05,23.81,40.96,2.97,3.64,7.92,10.80,4.27,N/A,N/A,N/A,N/A,0.39,1.42,1.35,0.89,33.84%,29.43%,19.31%,7.24%,2.84%,9.58%,14.38%,N/A,N/A,N/A,44.56,N/A,N/A
HPE,5.69,5.26,5.69,0.70,0.95,3.32,6.12,1.05,N/A,N/A,N/A,N/A,0.50,0.91,0.69,0.21,32.67%,7.88%,12.87%,12.30%,6.14%,19.03%,6.48%,N/A,N/A,N/A,25.27,N/A,N/A
HLT,94.20,39.76,106.91,7.53,N/A,188.94,37.16,6.07,N/A,N/A,N/A,N/A,0.36,0.95,0.95,0.50,25.21%,17.47%,9.62%,7.04%,2.55%,N/A,10.65%,N/A,N/A,N/A,63.31,N/A,N/A
HOLX,10.00,12.06,10.61,3.53,4.60,8.52,6.91,3.82,0.14,"$840,015","$279,120",4.74,0.70,2.39,2.01,0.88,66.64%,44.08%,41.92%,33.23%,23.23%,54.06%,37.57%,29.89%,74.54,42.71,35.25,66.40,38.04
HD,20.00,19.45,23.60,2.57,N/A,23.40,14.02,2.38,N/A,N/A,N/A,N/A,2.12,1.01,0.24,0.08,32.05%,15.24%,14.38%,10.87%,23.07%,"2,050.28%",50.47%,N/A,N/A,N/A,64.37,N/A,N/A
HON,25.09,26.77,26.35,4.25,7.69,24.19,17.93,4.15,N/A,N/A,N/A,N/A,0.53,1.30,1.04,0.59,37.14%,19.61%,21.04%,16.12%,8.59%,30.69%,16.68%,N/A,N/A,N/A,32.00,N/A,N/A
HRL,29.89,28.43,25.50,2.04,3.29,23.13,21.89,2.40,N/A,N/A,N/A,N/A,1.01,2.08,1.12,0.45,17.20%,9.97%,9.89%,7.98%,8.04%,13.57%,12.50%,N/A,N/A,N/A,26.77,N/A,N/A
HST,N/A,24.44,N/A,4.27,1.93,43.49,36.92,4.33,N/A,N/A,N/A,N/A,0.23,N/A,N/A,N/A,-2.32%,-5.74%,-3.53%,-0.38%,-0.09%,-0.17%,-1.36%,N/A,N/A,N/A,44.16,N/A,N/A
HWM,65.50,53.72,54.09,2.78,3.89,30.84,17.29,3.86,N/A,N/A,N/A,N/A,0.46,2.18,1.07,0.58,22.81%,17.42%,6.52%,5.19%,2.38%,7.28%,10.41%,N/A,N/A,N/A,42.53,N/A,N/A
HPQ,6.50,5.85,5.69,0.58,N/A,5.77,6.13,0.62,N/A,N/A,N/A,N/A,1.74,0.76,0.49,0.15,21.11%,9.10%,11.79%,10.21%,17.75%,N/A,94.31%,N/A,N/A,N/A,22.74,N/A,N/A
HUM,21.92,20.08,20.46,0.72,3.72,26.53,16.52,0.80,N/A,N/A,N/A,N/A,2.10,1.62,N/A,N/A,N/A,4.41%,4.01%,3.51%,7.35%,19.68%,15.54%,N/A,N/A,N/A,29.55,N/A,N/A
HBAN,16.01,12.70,17.21,3.29,1.29,9.44,12.41,3.32,N/A,N/A,N/A,N/A,0.04,0.05,N/A,N/A,N/A,26.42%,26.42%,21.50%,0.87%,8.02%,6.50%,N/A,N/A,N/A,4.53,N/A,N/A
HII,17.07,15.80,13.83,0.79,2.66,9.90,15.59,1.18,N/A,N/A,N/A,N/A,0.96,1.15,1.08,0.26,14.36%,5.10%,6.53%,5.71%,5.47%,23.10%,9.59%,N/A,N/A,N/A,31.77,N/A,N/A
IBM,20.88,21.61,21.05,2.11,6.35,9.45,12.45,2.61,N/A,N/A,N/A,N/A,0.40,0.85,0.80,0.22,53.72%,12.25%,8.47%,8.22%,3.27%,23.86%,8.71%,N/A,N/A,N/A,41.77,N/A,N/A
IEX,36.39,31.76,40.18,6.53,6.42,31.94,21.87,5.57,N/A,N/A,N/A,N/A,0.59,3.50,2.72,1.88,49.24%,23.65%,20.97%,16.25%,9.63%,16.82%,16.77%,N/A,N/A,N/A,26.46,N/A,N/A
IDXX,46.08,50.67,76.53,17.73,80.70,75.71,32.19,10.24,N/A,N/A,N/A,N/A,1.36,1.18,0.83,0.19,59.14%,29.49%,28.07%,23.17%,31.48%,112.68%,56.50%,N/A,N/A,N/A,42.30,N/A,N/A
ITW,25.04,25.08,28.99,5.40,21.30,30.54,18.71,4.79,N/A,N/A,N/A,N/A,0.91,1.84,1.33,0.44,40.35%,24.05%,23.01%,18.64%,17.00%,79.17%,30.24%,N/A,N/A,N/A,49.02,N/A,N/A
ILMN,41.28,N/A,75.39,12.69,5.56,102.95,63.18,7.23,N/A,N/A,N/A,N/A,0.40,2.48,2.09,1.23,69.69%,6.32%,19.53%,16.84%,6.68%,9.87%,2.88%,N/A,N/A,N/A,16.69,N/A,N/A
INCY,17.27,17.46,17.18,5.46,4.30,21.75,20.30,4.25,N/A,N/A,N/A,N/A,0.70,3.65,3.62,2.75,93.73%,21.35%,19.10%,31.76%,22.17%,29.73%,19.61%,N/A,N/A,N/A,1.21,N/A,N/A
IR,47.84,33.19,55.22,5.06,2.80,42.34,22.08,4.20,N/A,N/A,N/A,N/A,0.34,2.80,2.22,1.44,32.13%,12.18%,9.96%,10.11%,3.44%,5.79%,4.98%,N/A,N/A,N/A,23.34,N/A,N/A
INTC,7.43,7.75,10.56,2.66,2.19,7.00,4.71,2.16,N/A,N/A,N/A,N/A,0.49,2.10,1.71,1.03,55.18%,27.68%,27.46%,25.14%,12.36%,22.52%,17.36%,N/A,N/A,N/A,22.91,N/A,N/A
ICE,14.85,17.71,19.04,7.62,3.38,24.74,12.39,7.82,N/A,N/A,N/A,N/A,0.06,N/A,N/A,N/A,72.57%,47.42%,56.15%,39.99%,2.54%,19.23%,13.09%,N/A,N/A,N/A,7.36,N/A,N/A
IP,15.32,8.81,16.43,0.95,1.96,9.08,8.65,1.04,N/A,N/A,N/A,N/A,0.68,1.71,1.27,0.37,22.97%,7.64%,5.16%,5.79%,3.94%,13.25%,7.42%,N/A,N/A,N/A,31.87,N/A,N/A
IPG,12.69,12.20,15.66,1.46,4.19,7.19,7.74,1.24,N/A,N/A,N/A,N/A,0.54,1.03,1.03,0.30,15.32%,14.13%,11.93%,9.30%,5.02%,29.68%,17.41%,N/A,N/A,N/A,24.10,N/A,N/A
IFF,112.77,49.94,136.59,3.14,1.82,25.48,21.08,3.42,N/A,N/A,N/A,N/A,0.44,1.92,1.23,0.20,25.75%,7.65%,3.04%,2.30%,1.01%,1.96%,4.00%,N/A,N/A,N/A,30.76,N/A,N/A
INTU,63.39,54.73,70.17,15.02,14.67,43.63,45.34,10.41,0.02,"$713,556","$152,741",28.54,0.73,1.94,1.94,1.46,81.01%,26.27%,26.53%,21.41%,15.59%,27.54%,24.00%,21.00%,25.13,20.08,15.98,24.46,19.55
ISRG,50.65,59.87,77.10,23.02,10.78,62.90,37.50,13.44,N/A,N/A,N/A,N/A,0.46,5.08,4.57,3.66,69.00%,31.89%,33.10%,29.85%,13.79%,15.76%,16.65%,N/A,N/A,N/A,0.64,N/A,N/A
IVZ,6.37,8.15,7.69,1.53,0.92,7.38,7.53,2.43,N/A,N/A,N/A,N/A,0.20,N/A,N/A,N/A,66.41%,27.76%,35.67%,23.25%,4.71%,10.92%,7.70%,N/A,N/A,N/A,29.71,N/A,N/A
IQV,48.85,39.87,56.95,3.96,8.90,18.70,21.04,3.99,N/A,N/A,N/A,N/A,0.56,0.91,0.91,0.28,24.37%,10.22%,8.13%,6.96%,3.92%,16.04%,7.41%,N/A,N/A,N/A,51.70,N/A,N/A
IRM,34.92,42.51,33.82,3.39,17.71,20.06,17.17,5.63,N/A,N/A,N/A,N/A,0.31,N/A,N/A,N/A,42.83%,20.07%,14.00%,10.02%,3.15%,45.19%,7.26%,N/A,N/A,N/A,81.03,N/A,N/A
JBHT,27.34,21.86,28.64,1.79,6.89,17.80,12.86,1.53,N/A,N/A,N/A,N/A,1.87,1.34,1.32,0.21,10.98%,8.64%,8.22%,6.25%,11.69%,26.61%,24.32%,N/A,N/A,N/A,21.33,N/A,N/A
JKHY,50.26,42.04,39.72,7.04,9.17,26.77,21.80,7.95,0.01,"$261,874","$46,391.00",5.00,0.72,0.96,0.96,0.10,39.52%,22.68%,22.62%,17.71%,12.80%,21.71%,25.74%,20.26%,12.21,10.88,6.74,11.33,10.10
J,43.20,37.12,43.74,1.26,2.92,24.34,19.74,1.35,N/A,N/A,N/A,N/A,1.04,1.34,1.34,0.32,20.33%,5.34%,4.95%,2.91%,3.04%,6.97%,7.95%,N/A,N/A,N/A,26.13,N/A,N/A
JNJ,21.17,24.01,21.91,4.88,6.08,19.54,13.73,4.58,N/A,N/A,N/A,N/A,0.53,1.35,1.12,0.70,68.14%,26.11%,24.29%,22.27%,11.70%,30.41%,23.49%,N/A,N/A,N/A,19.09,N/A,N/A
JCI,25.57,38.79,29.99,2.07,2.75,19.74,13.33,1.93,0.16,"$234,337","$14,980.00",4.24,0.57,1.08,0.86,0.15,34.02%,11.69%,11.04%,6.39%,3.66%,8.64%,9.98%,5.82%,51.90,34.17,21.76,48.75,32.09
JPM,7.95,9.74,10.31,3.80,1.80,9.69,13.34,6.83,N/A,N/A,N/A,N/A,0.04,1.37,N/A,N/A,N/A,46.05%,47.19%,38.11%,1.35%,16.78%,6.80%,N/A,N/A,N/A,15.17,N/A,N/A
JNPR,37.94,24.27,46.86,2.50,2.66,17.17,13.92,2.02,N/A,N/A,N/A,N/A,0.52,1.58,1.43,0.67,58.70%,9.28%,6.55%,5.34%,2.77%,5.70%,6.72%,N/A,N/A,N/A,21.11,N/A,N/A
K,17.38,17.33,14.85,1.56,5.91,12.99,15.41,2.27,N/A,N/A,N/A,N/A,0.78,0.64,0.38,0.05,31.68%,11.85%,13.86%,10.49%,8.23%,43.56%,14.18%,N/A,N/A,N/A,42.52,N/A,N/A
KDP,25.96,25.62,24.53,4.15,2.09,18.31,19.04,5.13,N/A,N/A,N/A,N/A,0.25,0.47,0.32,0.09,50.40%,22.61%,22.06%,16.92%,4.28%,8.79%,7.46%,N/A,N/A,N/A,26.50,N/A,N/A
KEY,7.30,N/A,8.79,2.99,1.38,14.74,8.83,4.09,N/A,N/A,N/A,N/A,0.04,0.14,N/A,N/A,N/A,44.43%,43.97%,35.29%,1.46%,14.76%,10.23%,N/A,N/A,N/A,7.20,N/A,N/A
KEYS,35.48,30.34,37.65,6.81,8.65,25.46,22.22,5.93,N/A,N/A,N/A,N/A,0.66,2.93,2.34,1.57,62.09%,21.88%,20.44%,18.09%,11.92%,25.25%,19.50%,N/A,N/A,N/A,26.00,N/A,N/A
KMB,25.14,25.50,26.69,2.49,93.66,17.74,14.99,2.70,N/A,N/A,N/A,N/A,1.10,0.82,0.49,0.04,31.59%,14.68%,11.45%,9.33%,10.26%,318.25%,29.01%,N/A,N/A,N/A,51.00,N/A,N/A
KIM,14.27,20.80,15.40,9.24,1.54,20.37,25.80,13.19,N/A,N/A,N/A,N/A,0.09,N/A,N/A,N/A,40.40%,32.77%,54.60%,62.04%,5.63%,10.92%,3.04%,N/A,N/A,N/A,42.99,N/A,N/A
KMI,23.80,17.40,20.30,2.05,1.17,6.12,10.02,3.96,N/A,N/A,N/A,N/A,0.24,0.66,0.56,0.20,36.30%,30.14%,12.66%,10.10%,2.43%,5.69%,7.94%,N/A,N/A,N/A,46.48,N/A,N/A
KLAC,17.01,16.73,14.56,5.25,N/A,N/A,14.88,6.49,N/A,N/A,N/A,N/A,0.81,2.50,1.75,0.94,62.84%,42.20%,37.88%,36.06%,29.05%,139.02%,51.89%,N/A,N/A,N/A,52.88,N/A,N/A
KHC,47.30,31.53,43.05,1.67,0.88,8.12,11.11,2.59,N/A,N/A,N/A,N/A,0.27,0.99,0.69,0.38,32.97%,19.47%,6.56%,3.89%,1.05%,2.04%,6.71%,N/A,N/A,N/A,24.02,N/A,N/A
KR,21.71,16.04,20.00,0.24,3.34,4.82,7.15,0.36,N/A,N/A,N/A,N/A,2.67,0.75,0.33,0.18,19.96%,2.71%,1.49%,1.19%,3.17%,17.23%,12.48%,N/A,N/A,N/A,39.44,N/A,N/A
LHX,26.06,24.03,23.47,2.43,2.15,16.13,16.37,3.11,N/A,N/A,N/A,N/A,0.50,1.39,1.18,0.21,30.18%,12.48%,12.82%,10.37%,5.15%,9.25%,7.96%,N/A,N/A,N/A,22.87,N/A,N/A
LH,10.61,12.05,12.89,1.90,2.85,9.85,6.57,1.80,N/A,N/A,N/A,N/A,0.80,1.92,1.77,0.53,32.60%,20.85%,19.39%,14.75%,11.75%,24.22%,20.51%,N/A,N/A,N/A,31.11,N/A,N/A
LRCX,15.83,N/A,13.75,3.68,9.82,20.42,12.66,4.20,N/A,N/A,N/A,N/A,1.04,2.69,1.82,0.80,45.69%,31.24%,30.15%,26.73%,27.84%,74.85%,47.89%,N/A,N/A,N/A,29.11,N/A,N/A
LW,58.32,57.96,49.38,2.42,27.17,23.73,21.85,3.38,N/A,N/A,N/A,N/A,0.98,2.37,1.51,0.75,20.30%,10.92%,6.91%,4.90%,4.81%,47.77%,13.60%,N/A,N/A,N/A,68.97,N/A,N/A
LVS,N/A,16.52,N/A,6.79,14.41,N/A,105.26,10.87,N/A,N/A,N/A,N/A,0.21,2.15,2.14,0.73,13.39%,-15.19%,-34.81%,-27.26%,-5.65%,-46.45%,-3.67%,N/A,N/A,N/A,74.59,N/A,N/A
LDOS,18.64,18.68,16.88,0.93,2.90,12.33,12.33,1.30,N/A,N/A,N/A,N/A,1.07,1.09,1.00,0.27,14.66%,8.47%,7.04%,5.48%,5.84%,18.47%,11.96%,N/A,N/A,N/A,43.77,N/A,N/A
LEN,6.15,5.83,7.36,1.19,1.51,11.13,5.64,0.96,N/A,N/A,N/A,N/A,0.86,5.06,0.92,0.63,27.06%,18.75%,21.44%,16.13%,13.86%,22.56%,19.14%,N/A,N/A,N/A,19.70,N/A,N/A
LNC,6.75,9.77,9.19,0.67,0.60,85.48,6.56,0.65,N/A,N/A,N/A,N/A,0.05,N/A,N/A,0.00,N/A,9.78%,8.54%,7.32%,0.39%,6.54%,4.25%,N/A,N/A,N/A,1.83,N/A,N/A
LIN,41.72,43.52,47.25,5.87,4.00,18.59,16.62,5.05,N/A,N/A,N/A,N/A,0.36,0.74,0.62,0.21,27.98%,17.16%,16.56%,12.41%,4.50%,8.37%,8.29%,N/A,N/A,N/A,18.65,N/A,N/A
LYV,N/A,N/A,N/A,4.15,N/A,14.60,350.28,2.16,N/A,N/A,N/A,N/A,0.50,0.97,0.97,0.71,23.87%,-6.69%,-9.75%,-10.70%,-5.37%,N/A,-5.81%,N/A,N/A,N/A,51.80,N/A,N/A
LKQ,15.08,12.85,16.38,1.37,2.99,13.07,10.75,1.45,N/A,N/A,N/A,N/A,1.05,1.96,0.76,0.13,38.68%,11.41%,10.69%,8.33%,8.73%,19.08%,14.91%,N/A,N/A,N/A,33.51,N/A,N/A
LMT,18.84,24.31,15.61,1.47,8.79,10.69,11.85,1.93,N/A,N/A,N/A,N/A,1.32,1.42,1.20,0.26,15.81%,13.57%,11.26%,9.42%,12.43%,74.41%,41.20%,N/A,N/A,N/A,27.28,N/A,N/A
L,9.48,13.08,9.52,1.02,0.80,5.62,7.49,2.29,N/A,N/A,N/A,N/A,0.19,0.58,N/A,N/A,N/A,17.86%,14.87%,10.76%,2.08%,8.84%,6.52%,N/A,N/A,N/A,24.20,N/A,N/A
LOW,17.16,16.23,19.53,1.71,N/A,16.24,10.91,1.68,N/A,N/A,N/A,N/A,2.03,1.02,0.12,0.07,31.58%,12.73%,11.64%,8.74%,17.77%,N/A,46.94%,N/A,N/A,N/A,63.42,N/A,N/A
LUMN,5.85,5.68,6.59,0.68,1.08,2.06,4.82,2.19,N/A,N/A,N/A,N/A,0.34,1.57,1.56,0.05,35.41%,21.77%,13.72%,10.33%,3.46%,17.68%,9.83%,N/A,N/A,N/A,52.66,N/A,N/A
LYB,5.46,5.54,5.50,0.67,2.56,4.08,4.80,0.78,N/A,N/A,N/A,N/A,1.28,1.69,1.00,0.21,18.90%,15.91%,14.70%,12.15%,15.55%,56.57%,28.69%,N/A,N/A,N/A,37.01,N/A,N/A
MTB,13.76,23.47,11.13,3.07,1.22,8.56,11.85,5.37,N/A,N/A,N/A,N/A,0.04,0.72,N/A,N/A,N/A,43.50%,36.63%,28.68%,1.24%,10.85%,13.04%,N/A,N/A,N/A,2.56,N/A,N/A
MRO,19.92,5.43,13.68,2.31,1.14,4.14,5.31,2.78,N/A,N/A,N/A,N/A,0.32,1.11,1.07,0.35,38.17%,27.26%,17.93%,16.89%,5.41%,8.90%,9.89%,N/A,N/A,N/A,24.17,N/A,N/A
MPC,36.24,6.38,23.79,0.34,1.41,9.36,8.50,0.41,N/A,N/A,N/A,N/A,1.40,1.70,1.25,0.61,5.71%,3.59%,2.35%,1.08%,1.51%,5.32%,6.95%,N/A,N/A,N/A,31.51,N/A,N/A
MKTX,40.01,42.12,60.76,22.35,14.98,52.76,24.47,13.98,N/A,N/A,N/A,N/A,0.49,N/A,N/A,N/A,84.02%,48.11%,47.63%,36.79%,18.02%,25.84%,30.96%,N/A,N/A,N/A,5.78,N/A,N/A
MAR,48.28,30.46,49.51,3.93,38.13,46.23,30.02,3.47,N/A,N/A,N/A,N/A,0.55,0.57,0.57,0.22,18.63%,12.85%,8.52%,7.93%,4.37%,119.20%,14.49%,N/A,N/A,N/A,44.56,N/A,N/A
MMC,28.19,25.87,28.37,4.50,7.95,23.07,16.87,4.71,N/A,N/A,N/A,N/A,0.59,N/A,N/A,N/A,N/A,23.79%,21.25%,15.87%,9.32%,31.25%,19.95%,N/A,N/A,N/A,38.27,N/A,N/A
MLM,32.71,28.95,38.93,5.09,4.21,24.24,18.95,4.79,N/A,N/A,N/A,N/A,0.42,2.69,1.69,0.34,24.69%,19.09%,15.80%,12.96%,5.48%,11.30%,9.81%,N/A,N/A,N/A,37.64,N/A,N/A
MAS,33.85,14.77,43.41,2.10,N/A,18.95,9.11,1.66,N/A,N/A,N/A,N/A,1.48,1.76,1.14,0.48,34.19%,17.31%,8.21%,4.85%,7.15%,"5,075.00%",43.60%,N/A,N/A,N/A,56.84,N/A,N/A
MA,40.46,35.58,41.03,18.88,48.16,38.39,31.59,16.71,N/A,N/A,N/A,N/A,0.53,1.29,1.29,0.64,N/A,53.94%,54.58%,46.00%,24.38%,126.79%,48.36%,N/A,N/A,N/A,38.95,N/A,N/A
MTCH,71.43,159.43,142.54,13.51,N/A,44.18,24.04,6.92,N/A,N/A,N/A,N/A,0.74,1.04,1.04,0.71,69.52%,28.55%,8.59%,9.29%,6.90%,N/A,27.00%,N/A,N/A,N/A,80.06,N/A,N/A
MKC,32.03,35.49,30.67,3.67,5.21,27.96,22.60,4.59,N/A,N/A,N/A,N/A,0.51,0.68,0.31,0.11,39.67%,17.45%,14.18%,11.95%,6.04%,18.12%,11.70%,N/A,N/A,N/A,42.02,N/A,N/A
MCD,26.12,31.99,26.71,8.68,N/A,22.05,20.40,10.07,N/A,N/A,N/A,N/A,0.44,1.78,1.76,1.17,53.87%,42.09%,39.31%,32.49%,14.17%,N/A,22.12%,N/A,N/A,N/A,91.63,N/A,N/A
MCK,49.63,37.50,42.35,0.18,N/A,9.85,14.80,0.21,N/A,N/A,N/A,N/A,4.11,0.95,0.57,0.08,4.79%,1.03%,0.73%,0.42%,1.74%,N/A,32.81%,N/A,N/A,N/A,11.92,N/A,N/A
MDT,25.22,25.10,27.99,4.45,2.64,19.20,14.15,4.40,N/A,N/A,N/A,N/A,0.34,1.86,1.49,0.85,62.88%,22.55%,17.41%,15.91%,5.48%,9.69%,9.12%,N/A,N/A,N/A,27.46,N/A,N/A
MRK,17.30,13.62,14.91,3.98,5.07,13.79,14.89,4.35,N/A,N/A,N/A,N/A,0.50,1.27,1.02,0.34,72.47%,27.94%,28.38%,25.24%,12.52%,38.88%,20.75%,N/A,N/A,N/A,32.77,N/A,N/A
META,12.89,14.32,24.43,8.15,7.38,16.67,8.10,3.71,N/A,N/A,N/A,N/A,0.73,3.15,3.15,2.28,80.79%,39.65%,40.10%,33.38%,24.21%,31.10%,33.54%,N/A,N/A,N/A,8.71,N/A,N/A
MET,9.13,15.95,8.55,0.78,0.76,4.24,6.28,0.77,N/A,N/A,N/A,N/A,0.09,1.72,N/A,N/A,N/A,10.97%,11.66%,9.41%,0.84%,9.23%,9.72%,N/A,N/A,N/A,2.40,N/A,N/A
MTD,41.08,37.45,51.77,10.71,226.17,43.81,29.03,8.28,N/A,N/A,N/A,N/A,1.21,1.11,0.75,0.09,56.71%,26.76%,25.53%,20.68%,25.04%,338.69%,53.94%,N/A,N/A,N/A,54.13,N/A,N/A
MGM,14.75,4.70,18.60,2.26,3.35,15.81,17.63,2.82,N/A,N/A,N/A,N/A,0.23,1.86,1.84,1.51,36.15%,5.82%,15.10%,12.15%,2.83%,18.70%,1.65%,N/A,N/A,N/A,56.17,N/A,N/A
MCHP,31.42,26.02,33.08,6.23,7.07,14.96,15.54,6.51,N/A,N/A,N/A,N/A,0.42,1.75,1.14,0.23,51.72%,27.55%,21.73%,18.85%,7.87%,22.89%,13.35%,N/A,N/A,N/A,48.46,N/A,N/A
MU,12.66,7.35,14.40,3.05,1.88,6.77,5.39,2.17,0.09,"$644,302","$136,302",6.01,0.49,3.10,2.40,1.34,37.52%,24.69%,22.44%,21.16%,10.42%,14.13%,14.05%,12.09%,16.57,14.22,12.37,16.22,13.91
MSFT,29.75,29.62,26.62,9.77,11.51,21.75,21.61,10.66,N/A,N/A,N/A,N/A,0.57,1.78,1.75,1.10,68.40%,42.06%,42.22%,36.69%,20.82%,47.15%,35.54%,N/A,N/A,N/A,21.49,N/A,N/A
MAA,39.98,36.21,49.79,14.84,4.41,29.48,25.85,13.61,N/A,N/A,N/A,N/A,0.16,N/A,N/A,N/A,29.12%,25.89%,31.67%,29.99%,4.74%,8.98%,4.30%,N/A,N/A,N/A,40.29,N/A,N/A
MRNA,6.07,5.12,8.97,5.95,7.24,8.05,4.35,2.56,N/A,N/A,N/A,N/A,1.14,1.76,1.60,1.18,84.53%,71.89%,72.15%,66.27%,75.78%,146.08%,148.24%,N/A,N/A,N/A,3.68,N/A,N/A
MHK,8.44,8.16,12.19,1.12,1.42,9.62,5.05,0.86,N/A,N/A,N/A,N/A,0.78,1.78,0.97,0.20,29.35%,12.13%,11.52%,9.22%,7.24%,12.19%,11.93%,N/A,N/A,N/A,19.19,N/A,N/A
MOH,29.20,25.50,28.28,0.67,7.01,8.80,14.92,0.57,N/A,N/A,N/A,N/A,2.55,1.43,N/A,N/A,N/A,3.67%,3.15%,2.37%,6.05%,27.89%,21.24%,N/A,N/A,N/A,20.67,N/A,N/A
TAP,12.27,16.88,10.03,0.98,0.75,6.41,10.05,1.79,N/A,N/A,N/A,N/A,0.37,0.77,0.54,0.18,33.42%,10.69%,12.05%,9.78%,3.66%,7.80%,5.24%,N/A,N/A,N/A,26.41,N/A,N/A
MDLZ,21.13,23.12,21.79,3.26,3.26,22.63,18.41,3.50,N/A,N/A,N/A,N/A,0.43,0.74,0.54,0.25,37.10%,15.93%,17.80%,14.97%,6.37%,15.40%,9.45%,N/A,N/A,N/A,30.03,N/A,N/A
MPWR,102.49,74.51,97.62,19.56,18.34,73.83,78.83,15.64,N/A,N/A,N/A,N/A,0.86,4.96,3.81,3.19,56.75%,22.24%,22.54%,20.04%,17.27%,21.90%,24.21%,N/A,N/A,N/A,0.36,N/A,N/A
MNST,34.72,38.95,37.35,9.28,7.74,44.51,23.83,7.36,N/A,N/A,N/A,N/A,0.78,4.85,4.24,3.19,56.10%,32.53%,32.51%,24.86%,19.50%,23.49%,30.64%,N/A,N/A,N/A,0.28,N/A,N/A
MCO,26.95,34.02,33.15,11.80,26.59,36.40,20.75,10.78,N/A,N/A,N/A,N/A,0.46,1.61,1.61,0.76,69.54%,45.74%,44.31%,35.61%,16.35%,103.07%,29.03%,N/A,N/A,N/A,54.31,N/A,N/A
MS,11.23,11.86,12.22,2.90,1.78,5.97,19.14,7.88,N/A,N/A,N/A,N/A,0.05,1.37,N/A,N/A,N/A,31.97%,32.06%,24.50%,1.30%,14.51%,4.73%,N/A,N/A,N/A,27.09,N/A,N/A
MOS,12.82,6.11,9.19,1.21,1.40,6.86,6.44,1.42,N/A,N/A,N/A,N/A,0.59,1.11,0.54,0.16,25.79%,22.30%,18.00%,13.20%,7.80%,16.16%,18.58%,N/A,N/A,N/A,19.99,N/A,N/A
MSI,35.18,35.84,37.89,5.77,N/A,25.68,20.93,5.48,N/A,N/A,N/A,N/A,0.71,1.32,1.13,0.46,46.65%,21.11%,18.99%,15.24%,10.80%,N/A,30.61%,N/A,N/A,N/A,50.29,N/A,N/A
MSCI,57.62,50.75,70.45,25.03,N/A,53.38,35.84,19.85,N/A,N/A,N/A,N/A,0.42,1.71,1.71,1.14,77.09%,52.49%,41.99%,35.53%,14.96%,N/A,29.51%,N/A,N/A,N/A,78.72,N/A,N/A
NDAQ,26.46,27.14,29.79,6.01,5.47,32.65,19.45,6.15,N/A,N/A,N/A,N/A,0.31,N/A,N/A,N/A,53.38%,27.05%,26.06%,20.17%,6.23%,18.51%,12.70%,N/A,N/A,N/A,31.09,N/A,N/A
NTAP,18.01,17.93,17.90,2.65,19.23,13.85,10.28,2.37,N/A,N/A,N/A,N/A,0.65,1.48,1.43,1.05,66.62%,19.13%,17.31%,14.81%,9.67%,123.05%,33.54%,N/A,N/A,N/A,29.32,N/A,N/A
NFLX,21.60,21.44,53.62,9.24,16.88,698.75,6.44,3.87,N/A,N/A,N/A,N/A,0.71,0.95,0.95,0.71,41.64%,20.86%,19.67%,17.23%,12.20%,38.02%,19.50%,N/A,N/A,N/A,40.63,N/A,N/A
NWL,15.53,11.91,16.34,0.88,2.27,10.57,9.77,1.29,N/A,N/A,N/A,N/A,0.73,1.28,0.68,0.14,31.49%,10.10%,6.54%,5.40%,3.96%,14.36%,10.85%,N/A,N/A,N/A,38.85,N/A,N/A
NEM,31.12,45.47,42.60,4.08,2.23,11.61,6.11,3.00,N/A,N/A,N/A,N/A,0.30,2.90,2.23,1.91,19.49%,15.72%,9.09%,9.10%,2.71%,4.93%,6.51%,N/A,N/A,N/A,15.54,N/A,N/A
NWSA,17.91,17.80,14.84,0.89,N/A,6.82,7.40,1.29,N/A,N/A,N/A,N/A,0.61,1.16,1.07,0.52,44.03%,9.45%,7.82%,6.00%,3.67%,7.58%,7.58%,N/A,N/A,N/A,23.32,N/A,N/A
NWS,17.91,17.80,14.84,0.89,N/A,6.82,7.40,1.29,N/A,N/A,N/A,N/A,0.61,1.16,1.07,0.52,44.03%,9.45%,7.82%,6.00%,3.67%,7.58%,7.58%,N/A,N/A,N/A,23.32,N/A,N/A
NEE,49.94,69.18,51.53,8.66,4.93,24.38,20.61,9.12,N/A,N/A,N/A,N/A,0.16,0.53,0.44,0.04,41.67%,33.21%,14.93%,16.80%,2.66%,9.69%,7.26%,N/A,N/A,N/A,39.30,N/A,N/A
NLSN,20.97,18.82,15.60,2.11,2.22,11.10,10.99,4.34,N/A,N/A,N/A,N/A,0.28,1.74,1.74,0.58,50.74%,25.29%,15.94%,15.74%,4.42%,20.54%,8.68%,N/A,N/A,N/A,53.66,N/A,N/A
NKE,30.92,30.62,31.66,4.09,12.22,36.90,24.24,3.88,N/A,N/A,N/A,N/A,1.20,2.63,1.84,1.21,46.13%,14.49%,14.21%,12.92%,15.49%,43.11%,25.35%,N/A,N/A,N/A,31.32,N/A,N/A
NI,23.96,20.05,21.75,2.35,2.07,9.60,12.53,4.07,N/A,N/A,N/A,N/A,0.20,0.70,0.52,0.03,56.31%,20.71%,14.42%,11.94%,2.41%,9.21%,6.20%,N/A,N/A,N/A,38.94,N/A,N/A
NDSN,30.83,28.85,32.86,6.32,6.85,27.35,19.98,5.77,N/A,N/A,N/A,N/A,0.63,2.62,1.88,0.67,56.05%,26.04%,24.31%,19.23%,12.17%,23.19%,20.11%,N/A,N/A,N/A,25.10,N/A,N/A
NSC,21.48,20.38,24.58,6.63,5.24,17.36,13.53,6.32,N/A,N/A,N/A,N/A,0.29,0.86,0.77,0.33,39.18%,39.18%,34.81%,26.95%,7.77%,21.12%,15.35%,N/A,N/A,N/A,38.02,N/A,N/A
NTRS,14.58,14.17,16.76,3.84,2.23,18.43,-14.86,-5.40,N/A,N/A,N/A,N/A,0.04,1.39,N/A,N/A,N/A,30.88%,30.88%,23.54%,0.87%,12.93%,9.63%,N/A,N/A,N/A,4.58,N/A,N/A
NOC,11.02,13.19,8.89,1.75,4.68,17.46,17.38,2.44,N/A,N/A,N/A,N/A,0.82,1.28,1.20,0.37,20.38%,10.29%,25.06%,19.64%,16.09%,59.60%,13.40%,N/A,N/A,N/A,34.42,N/A,N/A
NLOK,17.10,17.09,19.04,5.69,N/A,16.35,13.35,5.67,N/A,N/A,N/A,N/A,0.42,0.74,0.74,0.62,82.37%,37.05%,37.27%,29.90%,12.57%,N/A,29.90%,N/A,N/A,N/A,55.15,N/A,N/A
NCLH,N/A,N/A,N/A,11.70,3.55,N/A,-9.80,7.31,N/A,N/A,N/A,N/A,0.03,0.85,0.82,0.47,-249.20%,-386.77%,-694.66%,-695.48%,-24.28%,-132.81%,-15.69%,N/A,N/A,N/A,70.22,N/A,N/A
NRG,4.53,2.79,4.83,0.39,2.92,21.41,7.46,0.45,N/A,N/A,N/A,N/A,1.41,1.37,1.31,0.62,10.22%,2.82%,10.63%,8.13%,11.49%,82.84%,6.72%,N/A,N/A,N/A,35.75,N/A,N/A
NUE,6.13,4.16,4.93,0.92,2.22,5.38,4.01,0.95,N/A,N/A,N/A,N/A,1.59,2.48,1.32,0.51,30.30%,25.62%,25.22%,18.63%,29.58%,54.79%,50.46%,N/A,N/A,N/A,22.38,N/A,N/A
NVDA,46.64,48.12,59.37,21.51,21.51,63.57,37.05,14.86,N/A,N/A,N/A,N/A,0.74,6.65,6.05,4.89,64.93%,39.67%,36.94%,36.23%,26.73%,44.83%,33.94%,N/A,N/A,N/A,26.45,N/A,N/A
NVR,13.90,10.23,18.44,2.61,6.57,18.35,9.48,1.43,N/A,N/A,N/A,N/A,1.51,3.71,2.14,2.12,22.64%,16.20%,18.19%,14.15%,21.30%,40.51%,30.50%,N/A,N/A,N/A,27.27,N/A,N/A
NXPI,26.57,19.50,32.95,5.68,9.24,20.41,14.39,4.48,N/A,N/A,N/A,N/A,0.54,2.13,1.65,1.15,49.49%,23.36%,19.71%,16.91%,9.11%,24.19%,14.95%,N/A,N/A,N/A,50.87,N/A,N/A
ORLY,23.13,22.12,22.71,3.69,N/A,15.33,16.20,3.84,N/A,N/A,N/A,N/A,1.08,0.77,0.14,0.06,50.27%,21.98%,20.87%,16.24%,17.55%,"5,863.57%",48.41%,N/A,N/A,N/A,47.34,N/A,N/A
OXY,41.68,6.61,18.38,1.07,2.56,2.66,6.71,2.67,N/A,N/A,N/A,N/A,0.32,1.23,1.00,0.33,29.29%,17.99%,14.27%,10.71%,3.41%,14.29%,8.76%,N/A,N/A,N/A,38.72,N/A,N/A
ODFL,35.37,28.82,40.33,7.94,11.20,34.40,20.45,5.79,N/A,N/A,N/A,N/A,1.14,2.98,2.98,1.54,32.75%,26.97%,26.41%,19.68%,22.51%,29.53%,38.24%,N/A,N/A,N/A,4.21,N/A,N/A
OMC,11.05,11.54,11.22,1.11,4.68,8.12,6.93,1.15,N/A,N/A,N/A,N/A,0.51,0.98,0.98,0.33,17.69%,15.03%,13.92%,9.85%,5.02%,44.31%,19.44%,N/A,N/A,N/A,24.18,N/A,N/A
ON,31.28,18.48,29.86,4.47,6.41,16.92,16.60,4.29,N/A,N/A,N/A,N/A,0.74,2.45,1.56,0.89,38.80%,20.38%,17.18%,14.98%,11.04%,24.86%,18.26%,N/A,N/A,N/A,33.76,N/A,N/A
OKE,19.39,18.48,17.54,1.52,4.36,10.25,12.27,1.90,N/A,N/A,N/A,N/A,0.74,0.75,0.56,0.05,17.48%,16.52%,11.49%,8.68%,6.42%,24.88%,14.20%,N/A,N/A,N/A,58.24,N/A,N/A
ORCL,32.00,31.49,29.83,4.72,N/A,21.01,13.86,6.20,N/A,N/A,N/A,N/A,0.35,1.62,1.61,1.12,76.37%,37.38%,18.46%,15.83%,5.59%,N/A,19.03%,N/A,N/A,N/A,72.72,N/A,N/A
OGN,5.95,7.30,5.71,1.21,N/A,3.14,8.06,2.58,N/A,N/A,N/A,N/A,0.62,1.45,1.10,0.28,62.55%,29.43%,24.04%,21.24%,13.12%,67.92%,25.67%,N/A,N/A,N/A,87.67,N/A,N/A
OTIS,27.91,27.48,30.15,2.63,N/A,21.46,16.15,2.72,N/A,N/A,N/A,N/A,1.24,1.32,1.22,0.56,29.43%,15.20%,13.72%,8.71%,10.84%,N/A,53.67%,N/A,N/A,N/A,63.44,N/A,N/A
PCAR,17.49,14.68,16.60,1.31,2.68,14.06,12.08,1.48,N/A,N/A,N/A,N/A,0.82,0.88,0.71,0.48,13.87%,9.62%,10.10%,7.87%,6.44%,16.97%,10.48%,N/A,N/A,N/A,35.73,N/A,N/A
PKG,16.08,13.07,15.41,1.66,3.53,11.76,9.02,1.82,N/A,N/A,N/A,N/A,0.99,3.09,2.07,0.80,24.23%,16.60%,14.34%,10.80%,10.65%,24.36%,20.83%,N/A,N/A,N/A,34.06,N/A,N/A
PARA,3.76,4.94,4.39,0.69,0.87,20.74,1.69,1.01,N/A,N/A,N/A,N/A,0.51,1.76,1.60,0.66,36.56%,14.18%,18.21%,15.33%,7.87%,23.20%,10.06%,N/A,N/A,N/A,33.49,N/A,N/A
PH,29.96,N/A,24.39,2.02,N/A,13.46,14.55,3.14,N/A,N/A,N/A,N/A,0.69,2.06,1.68,0.10,28.21%,17.95%,10.18%,8.29%,5.68%,15.26%,16.05%,N/A,N/A,N/A,44.25,N/A,N/A
PAYX,34.43,34.45,32.28,9.75,14.45,29.87,23.21,10.23,N/A,N/A,N/A,N/A,0.48,1.25,1.25,0.24,70.59%,39.90%,39.56%,30.20%,14.55%,46.17%,46.79%,N/A,N/A,N/A,9.25,N/A,N/A
PAYC,112.22,96.10,123.29,22.89,26.95,75.65,58.01,18.61,N/A,N/A,N/A,N/A,0.36,1.09,1.09,0.14,74.83%,24.02%,24.25%,18.57%,6.73%,25.30%,30.40%,N/A,N/A,N/A,1.87,N/A,N/A
PYPL,28.76,56.94,53.65,8.75,10.14,35.28,20.29,4.46,N/A,N/A,N/A,N/A,0.35,1.22,1.22,0.22,47.38%,17.66%,16.04%,16.31%,5.70%,19.97%,14.72%,N/A,N/A,N/A,12.94,N/A,N/A
PENN,14.85,30.81,21.62,1.54,2.16,8.81,9.81,2.45,N/A,N/A,N/A,N/A,0.32,1.96,1.96,1.66,40.86%,17.98%,9.13%,7.13%,2.31%,12.46%,7.19%,N/A,N/A,N/A,60.07,N/A,N/A
PNR,15.35,14.91,22.12,3.25,4.98,19.95,12.57,2.29,N/A,N/A,N/A,N/A,0.84,1.24,0.70,0.09,35.04%,17.44%,16.65%,14.77%,12.42%,24.56%,20.40%,N/A,N/A,N/A,20.66,N/A,N/A
PEP,32.33,26.67,30.96,2.97,14.64,20.30,19.86,3.43,N/A,N/A,N/A,N/A,0.86,0.83,0.66,0.23,53.53%,14.40%,12.36%,9.59%,8.22%,51.65%,19.41%,N/A,N/A,N/A,45.88,N/A,N/A
PKI,19.53,30.13,24.87,4.63,3.55,16.63,13.58,4.88,N/A,N/A,N/A,N/A,0.44,2.01,1.50,0.51,52.89%,28.56%,25.26%,18.62%,8.22%,17.34%,15.81%,N/A,N/A,N/A,34.73,N/A,N/A
PFE,12.45,9.41,15.22,4.15,4.30,10.35,10.83,2.78,N/A,N/A,N/A,N/A,0.48,1.40,1.19,0.73,57.67%,25.58%,29.91%,27.57%,13.35%,31.92%,18.60%,N/A,N/A,N/A,22.81,N/A,N/A
PM,17.07,17.05,16.31,4.72,N/A,12.38,12.74,5.62,N/A,N/A,N/A,N/A,0.73,0.92,0.47,0.23,67.70%,41.38%,39.02%,28.98%,21.10%,N/A,62.15%,N/A,N/A,N/A,68.64,N/A,N/A
PSX,29.78,7.91,24.43,0.29,1.66,5.30,19.22,0.37,N/A,N/A,N/A,N/A,2.03,1.15,0.88,0.25,3.02%,1.09%,1.55%,1.17%,2.37%,6.85%,3.23%,N/A,N/A,N/A,27.91,N/A,N/A
PNW,13.85,15.64,12.91,2.10,1.35,9.29,12.75,4.22,N/A,N/A,N/A,N/A,0.18,0.66,0.45,0.04,21.81%,15.47%,19.61%,16.27%,2.94%,10.72%,4.38%,N/A,N/A,N/A,37.20,N/A,N/A
PXD,26.52,9.40,21.12,2.50,1.93,7.32,6.44,2.46,N/A,N/A,N/A,N/A,0.60,1.52,1.42,1.00,38.25%,36.62%,15.37%,11.82%,7.08%,12.28%,28.61%,N/A,N/A,N/A,20.21,N/A,N/A
PNC,13.54,13.23,15.79,4.39,1.66,12.16,2.64,1.15,N/A,N/A,N/A,N/A,0.04,0.24,N/A,N/A,N/A,35.94%,35.94%,29.04%,1.10%,10.29%,7.56%,N/A,N/A,N/A,6.14,N/A,N/A
POOL,24.35,20.11,35.45,4.33,21.23,73.09,19.52,2.84,N/A,N/A,N/A,N/A,2.13,2.38,0.58,0.03,30.54%,15.68%,15.56%,12.20%,26.01%,75.55%,44.13%,N/A,N/A,N/A,44.20,N/A,N/A
PPG,22.18,29.09,28.69,2.46,6.47,26.43,15.86,2.15,N/A,N/A,N/A,N/A,0.82,1.42,0.97,0.23,35.18%,10.55%,10.80%,8.45%,6.94%,23.72%,13.48%,N/A,N/A,N/A,34.97,N/A,N/A
PPL,179.58,30.45,178.19,3.98,1.61,10.13,11.71,4.63,N/A,N/A,N/A,N/A,0.14,2.16,2.02,1.54,28.20%,24.62%,9.01%,0.31%,0.04%,0.13%,4.50%,N/A,N/A,N/A,33.95,N/A,N/A
PFG,12.36,4.65,11.54,1.38,1.18,6.13,8.91,1.27,N/A,N/A,N/A,N/A,0.05,0.15,N/A,N/A,N/A,15.09%,14.61%,11.99%,0.57%,10.49%,9.78%,N/A,N/A,N/A,1.53,N/A,N/A
PG,25.02,24.86,24.77,4.55,7.35,21.83,18.03,4.66,N/A,N/A,N/A,N/A,0.68,0.65,0.45,0.22,47.43%,22.21%,22.44%,18.38%,12.47%,31.62%,22.61%,N/A,N/A,N/A,26.87,N/A,N/A
PGR,21.28,85.33,18.13,1.26,3.38,7.76,15.81,1.58,N/A,N/A,N/A,N/A,0.75,0.76,N/A,N/A,N/A,9.29%,8.83%,7.03%,5.25%,19.00%,23.95%,N/A,N/A,N/A,7.60,N/A,N/A
PLD,34.97,26.83,43.87,27.79,3.84,44.15,35.17,24.00,N/A,N/A,N/A,N/A,0.08,N/A,N/A,N/A,42.99%,37.54%,69.82%,61.77%,5.13%,8.99%,3.25%,N/A,N/A,N/A,31.40,N/A,N/A
PRU,5.28,18.46,5.55,0.60,0.66,4.30,5.25,0.87,N/A,N/A,N/A,N/A,0.08,1.25,N/A,N/A,N/A,14.72%,13.22%,10.73%,0.81%,11.77%,13.86%,N/A,N/A,N/A,3.22,N/A,N/A
PEG,N/A,N/A,N/A,3.85,2.33,19.37,22.48,5.58,N/A,N/A,N/A,N/A,0.18,0.88,0.78,0.12,10.47%,10.47%,-12.48%,-7.42%,-1.31%,-4.26%,2.70%,N/A,N/A,N/A,40.15,N/A,N/A
PTC,30.79,29.32,29.73,7.85,6.89,37.72,30.42,8.31,0.11,N/A,N/A,3.73,0.46,1.33,1.33,0.42,77.84%,22.02%,21.68%,26.39%,12.09%,27.44%,12.54%,15.11%,80.86,44.71,36.57,80.86,44.71
PSA,35.64,29.99,37.96,19.25,12.53,25.66,29.30,17.90,N/A,N/A,N/A,N/A,0.23,N/A,N/A,N/A,50.80%,47.53%,55.70%,55.18%,12.91%,21.07%,11.44%,N/A,N/A,N/A,43.01,N/A,N/A
PHM,5.96,4.72,7.70,1.07,1.90,14.04,4.25,0.75,N/A,N/A,N/A,N/A,1.09,3.26,0.62,0.51,27.04%,18.36%,18.02%,13.86%,15.10%,27.45%,25.49%,N/A,N/A,N/A,20.58,N/A,N/A
PVH,5.19,4.79,7.02,0.73,1.21,6.24,5.71,0.80,N/A,N/A,N/A,N/A,0.71,1.31,0.83,0.45,58.18%,10.58%,10.63%,10.40%,7.41%,19.01%,10.00%,N/A,N/A,N/A,31.89,N/A,N/A
QRVO,11.74,14.12,13.12,2.92,2.84,12.92,7.44,2.71,N/A,N/A,N/A,N/A,0.63,3.63,2.51,1.44,49.29%,28.02%,25.42%,22.24%,14.03%,22.51%,19.84%,N/A,N/A,N/A,28.31,N/A,N/A
PWR,42.25,46.33,34.30,1.28,3.20,28.62,21.88,1.56,N/A,N/A,N/A,N/A,1.22,1.50,1.47,0.07,13.77%,5.23%,4.80%,3.74%,4.57%,10.28%,9.11%,N/A,N/A,N/A,31.13,N/A,N/A
QCOM,19.22,13.34,17.01,4.58,15.14,14.60,15.28,4.12,0.10,"$745,911","$200,956",8.85,0.87,1.68,1.41,1.04,57.51%,29.16%,30.61%,26.94%,23.54%,112.85%,40.21%,39.43%,163.81,62.09,39.52,142.00,53.83
DGX,9.05,11.31,11.14,2.05,3.19,9.92,7.11,1.92,N/A,N/A,N/A,N/A,0.78,1.56,1.44,0.50,38.38%,22.65%,24.09%,18.43%,14.39%,30.11%,21.22%,N/A,N/A,N/A,35.07,N/A,N/A
RL,12.27,12.68,13.87,1.34,3.09,11.62,7.11,1.22,N/A,N/A,N/A,N/A,0.80,1.87,1.44,1.15,63.16%,13.73%,12.13%,9.65%,7.69%,23.35%,14.05%,N/A,N/A,N/A,43.91,N/A,N/A
RJF,16.20,15.51,13.91,1.97,2.30,2.87,19.01,3.70,N/A,N/A,N/A,N/A,0.18,N/A,N/A,N/A,95.84%,20.29%,18.13%,14.19%,2.55%,18.24%,4.89%,N/A,N/A,N/A,58.11,N/A,N/A
RTX,36.37,31.06,33.60,2.02,1.76,18.36,18.27,2.50,N/A,N/A,N/A,N/A,0.40,1.19,0.93,0.22,19.42%,7.25%,7.66%,6.06%,2.41%,5.37%,4.32%,N/A,N/A,N/A,20.79,N/A,N/A
O,85.23,79.18,82.61,14.24,1.69,22.46,33.00,22.11,N/A,N/A,N/A,N/A,0.07,N/A,N/A,N/A,50.53%,46.23%,18.82%,17.24%,1.13%,1.99%,3.08%,N/A,N/A,N/A,40.00,N/A,N/A
REG,31.31,23.56,35.59,11.65,2.13,19.48,21.70,13.30,N/A,N/A,N/A,N/A,0.10,N/A,N/A,N/A,45.97%,40.81%,33.18%,32.74%,3.33%,6.01%,4.37%,N/A,N/A,N/A,39.82,N/A,N/A
REGN,8.67,12.51,8.77,4.41,3.66,10.01,7.04,4.57,N/A,N/A,N/A,N/A,0.75,3.56,3.07,1.45,83.05%,55.67%,58.03%,50.25%,37.91%,54.21%,50.85%,N/A,N/A,N/A,10.61,N/A,N/A
RF,9.21,10.18,8.75,3.17,1.23,10.25,-1.38,-0.74,N/A,N/A,N/A,N/A,0.04,0.33,N/A,N/A,N/A,49.19%,48.48%,38.01%,1.62%,13.84%,15.00%,N/A,N/A,N/A,1.80,N/A,N/A
RSG,35.10,32.40,34.52,3.94,4.93,15.98,16.24,4.45,N/A,N/A,N/A,N/A,0.47,0.71,0.68,0.01,36.79%,26.20%,13.95%,11.42%,5.33%,14.78%,16.23%,N/A,N/A,N/A,39.40,N/A,N/A
RMD,45.44,45.41,N/A,N/A,N/A,N/A,30.04,10.14,N/A,N/A,N/A,N/A,N/A,N/A,N/A,0.40,N/A,N/A,N/A,N/A,N/A,N/A,N/A,N/A,N/A,N/A,N/A,N/A,N/A
RHI,15.15,13.04,20.81,1.93,8.94,20.66,10.81,1.20,N/A,N/A,N/A,N/A,2.35,1.67,1.67,0.46,40.88%,11.49%,12.44%,9.26%,21.73%,46.29%,47.08%,N/A,N/A,N/A,8.98,N/A,N/A
ROK,21.84,43.98,25.39,4.92,14.27,27.31,23.02,4.42,0.11,"$285,531","$55,347.00",5.23,0.76,1.02,0.76,0.22,47.80%,17.72%,21.82%,19.38%,14.75%,79.36%,23.00%,28.71%,183.20,64.69,39.75,158.11,55.83
ROL,51.42,54.37,48.00,6.94,15.55,41.89,34.32,7.17,N/A,N/A,N/A,N/A,1.27,0.72,0.66,0.24,48.16%,18.15%,19.59%,14.47%,18.33%,34.66%,30.95%,N/A,N/A,N/A,20.33,N/A,N/A
ROP,42.64,16.36,47.76,9.07,4.49,26.04,24.55,9.35,N/A,N/A,N/A,N/A,0.24,0.77,0.71,0.11,67.80%,27.34%,22.00%,17.01%,4.12%,8.92%,7.89%,N/A,N/A,N/A,34.39,N/A,N/A
ROST,18.10,19.41,19.67,1.79,8.30,19.48,11.71,1.68,N/A,N/A,N/A,N/A,1.34,1.77,1.24,1.17,27.53%,12.33%,11.94%,9.11%,12.17%,46.87%,24.94%,N/A,N/A,N/A,38.47,N/A,N/A
RCL,N/A,N/A,N/A,12.64,3.85,N/A,-11.67,6.32,N/A,N/A,N/A,N/A,0.05,0.49,0.47,0.38,-159.51%,-248.82%,-343.34%,-343.34%,-16.26%,-75.98%,-13.73%,N/A,N/A,N/A,67.25,N/A,N/A
SPGI,30.88,35.62,37.74,13.75,55.97,31.72,28.73,13.29,N/A,N/A,N/A,N/A,0.60,2.31,2.31,1.71,71.40%,51.11%,50.19%,36.45%,21.94%,238.02%,46.24%,N/A,N/A,N/A,31.29,N/A,N/A
CRM,125.95,186.36,156.91,8.55,3.96,33.32,36.51,6.79,N/A,N/A,N/A,N/A,0.32,0.98,0.98,0.48,65.65%,2.07%,5.78%,5.45%,1.75%,2.90%,0.91%,N/A,N/A,N/A,14.49,N/A,N/A
SBAC,160.71,105.85,182.01,18.73,N/A,36.35,33.10,20.81,N/A,N/A,N/A,N/A,0.24,N/A,N/A,N/A,46.07%,36.50%,10.94%,10.29%,2.51%,N/A,9.42%,N/A,N/A,N/A,148.16,N/A,N/A
SLB,28.18,20.36,22.72,1.86,2.80,9.19,12.16,2.60,N/A,N/A,N/A,N/A,0.55,1.22,0.91,0.30,17.82%,13.93%,10.35%,8.20%,4.48%,13.89%,10.49%,N/A,N/A,N/A,36.60,N/A,N/A
STX,11.33,10.98,9.39,1.33,133.01,9.34,9.44,1.97,N/A,N/A,N/A,N/A,1.32,1.13,0.69,0.17,29.75%,17.04%,14.40%,14.14%,18.72%,445.68%,34.17%,N/A,N/A,N/A,63.69,N/A,N/A
SEE,17.81,15.35,20.93,1.86,40.18,14.49,10.75,2.00,N/A,N/A,N/A,N/A,0.90,1.03,0.67,0.28,29.71%,16.05%,12.94%,8.88%,7.98%,233.24%,22.11%,N/A,N/A,N/A,60.58,N/A,N/A
SRE,40.91,45.93,33.02,3.17,1.67,9.84,15.45,5.24,N/A,N/A,N/A,N/A,0.19,0.44,0.40,0.06,27.90%,23.34%,1.68%,10.09%,1.90%,5.34%,6.01%,N/A,N/A,N/A,34.46,N/A,N/A
NOW,441.18,551.07,573.37,22.37,35.07,60.19,154.72,15.12,N/A,N/A,N/A,N/A,0.60,0.99,0.99,0.67,77.05%,4.36%,4.22%,3.90%,2.36%,7.04%,4.72%,N/A,N/A,N/A,20.50,N/A,N/A
SHW,34.95,36.40,50.45,4.72,37.73,35.55,20.50,3.59,N/A,N/A,N/A,N/A,0.97,0.88,0.55,0.03,42.46%,13.36%,11.27%,9.35%,9.08%,61.65%,19.27%,N/A,N/A,N/A,55.62,N/A,N/A
SBNY,13.73,11.22,21.52,8.20,2.50,12.79,-9.98,-4.76,N/A,N/A,N/A,N/A,0.02,0.28,N/A,N/A,N/A,54.06%,54.06%,39.74%,0.95%,13.42%,11.60%,N/A,N/A,N/A,3.05,N/A,N/A
SPG,18.59,18.06,25.64,10.26,15.82,13.53,17.25,12.19,N/A,N/A,N/A,N/A,0.15,N/A,N/A,N/A,56.33%,47.14%,34.10%,43.98%,6.56%,70.29%,7.88%,N/A,N/A,N/A,76.53,N/A,N/A
SWKS,12.29,13.70,18.27,5.36,5.12,15.45,9.04,3.55,0.08,N/A,N/A,8.89,0.75,4.35,3.01,1.55,48.82%,32.88%,31.29%,29.33%,21.88%,31.67%,27.88%,25.29%,42.20,29.68,28.09,42.20,29.68
SJM,22.92,22.90,23.46,1.85,1.79,13.00,12.32,2.34,N/A,N/A,N/A,N/A,0.49,1.03,0.47,0.09,30.25%,13.24%,10.55%,7.87%,3.85%,7.75%,8.21%,N/A,N/A,N/A,28.38,N/A,N/A
SNA,15.51,14.44,14.44,2.57,2.75,12.26,10.46,2.71,N/A,N/A,N/A,N/A,0.69,3.11,2.29,0.79,51.78%,24.33%,23.62%,17.83%,12.32%,20.50%,20.68%,N/A,N/A,N/A,18.65,N/A,N/A
SEDG,109.35,134.57,92.83,8.00,11.31,73.34,74.71,7.45,N/A,N/A,N/A,N/A,0.74,3.26,2.53,1.33,32.03%,10.48%,9.53%,8.61%,6.35%,14.12%,10.90%,N/A,N/A,N/A,24.75,N/A,N/A
SO,34.77,27.61,30.61,3.15,2.70,11.87,14.96,5.35,N/A,N/A,N/A,N/A,0.19,0.82,0.61,0.16,28.24%,22.69%,11.09%,10.37%,1.92%,8.53%,6.14%,N/A,N/A,N/A,43.49,N/A,N/A
LUV,24.29,24.85,26.70,1.65,2.44,11.24,537.42,0.94,N/A,N/A,N/A,N/A,0.42,1.97,1.91,1.69,7.34%,-7.82%,8.39%,6.19%,2.61%,10.13%,-5.64%,N/A,N/A,N/A,32.18,N/A,N/A
SWK,9.83,15.36,18.57,1.99,2.81,46.94,7.79,1.26,N/A,N/A,N/A,N/A,0.60,0.97,0.35,0.02,33.68%,14.11%,10.51%,10.26%,6.19%,14.14%,12.78%,N/A,N/A,N/A,24.99,N/A,N/A
SBUX,24.64,24.10,31.88,4.61,N/A,17.90,15.75,3.66,0.16,"$75,872.00","$10,964.00",22.99,0.96,1.20,1.00,0.81,22.70%,16.05%,18.43%,14.45%,13.82%,N/A,26.05%,27.44%,N/A,129.10,75.19,N/A,116.80
STT,10.23,10.32,12.94,2.97,1.34,37.20,9.04,3.46,N/A,N/A,N/A,N/A,0.04,2.41,N/A,N/A,N/A,28.87%,28.27%,24.01%,0.86%,10.06%,7.08%,N/A,N/A,N/A,5.04,N/A,N/A
STE,84.75,56.17,97.47,5.18,3.70,35.62,20.40,5.02,N/A,N/A,N/A,N/A,0.51,2.04,1.41,0.38,43.89%,13.57%,6.86%,5.32%,2.71%,4.68%,8.02%,N/A,N/A,N/A,28.71,N/A,N/A
SYK,42.78,41.02,51.27,5.98,6.79,31.33,20.27,5.35,N/A,N/A,N/A,N/A,0.50,2.20,1.47,0.66,62.60%,21.40%,13.33%,11.66%,5.78%,14.26%,13.24%,N/A,N/A,N/A,37.25,N/A,N/A
SIVB,14.57,17.56,21.70,6.50,3.16,21.20,7.35,3.56,N/A,N/A,N/A,N/A,0.04,0.08,N/A,N/A,N/A,48.28%,46.10%,31.02%,1.12%,14.99%,19.51%,N/A,N/A,N/A,1.45,N/A,N/A
SYF,4.92,4.90,6.32,2.35,1.89,3.72,3.74,1.99,N/A,N/A,N/A,N/A,0.12,N/A,N/A,N/A,91.94%,53.18%,49.03%,37.61%,4.40%,32.03%,21.08%,N/A,N/A,N/A,15.15,N/A,N/A
SNPS,78.31,58.38,69.20,12.48,9.63,33.28,54.27,11.93,N/A,N/A,N/A,N/A,0.50,1.16,1.07,0.66,78.67%,17.94%,19.18%,18.04%,9.03%,14.85%,13.06%,N/A,N/A,N/A,7.62,N/A,N/A
SYY,31.16,N/A,N/A,N/A,N/A,N/A,15.12,0.76,N/A,N/A,N/A,N/A,N/A,N/A,N/A,0.10,N/A,N/A,N/A,N/A,N/A,N/A,N/A,N/A,N/A,N/A,N/A,N/A,N/A
TMUS,59.59,104.82,48.12,1.82,2.10,7.55,10.69,3.52,N/A,N/A,N/A,N/A,0.36,0.89,0.78,0.28,36.40%,12.50%,4.18%,3.77%,1.38%,4.50%,5.71%,N/A,N/A,N/A,48.83,N/A,N/A
TROW,10.08,12.74,14.99,5.86,4.99,12.77,7.14,3.95,N/A,N/A,N/A,N/A,0.66,N/A,N/A,N/A,84.38%,49.90%,52.07%,39.14%,25.65%,35.89%,38.43%,N/A,N/A,N/A,1.99,N/A,N/A
TTWO,33.71,101.82,42.95,5.12,4.66,69.59,23.19,4.59,N/A,N/A,N/A,N/A,0.56,1.83,1.83,1.38,56.16%,15.55%,13.28%,11.93%,6.65%,11.71%,14.38%,N/A,N/A,N/A,3.82,N/A,N/A
TPR,12.04,10.87,14.47,2.10,3.66,9.12,7.89,1.55,0.25,"$350,384","$50,866.00",16.56,0.70,2.37,1.85,1.41,70.89%,19.06%,15.62%,14.52%,10.23%,30.14%,16.26%,13.85%,105.56,51.35,41.04,95.73,46.57
TGT,12.03,13.54,15.44,1.01,8.00,12.43,7.64,0.83,N/A,N/A,N/A,N/A,2.02,0.99,0.35,0.27,27.07%,8.52%,8.40%,6.55%,13.22%,50.95%,30.70%,N/A,N/A,N/A,30.60,N/A,N/A
TEL,19.77,17.30,21.22,3.21,4.43,17.93,13.69,2.94,0.09,"$167,674","$25,337.00",5.63,0.73,1.56,1.02,0.26,31.70%,17.50%,15.94%,15.11%,11.08%,22.53%,17.77%,16.26%,42.73,29.94,21.17,36.89,25.85
TDY,39.30,27.72,43.46,4.19,2.68,23.47,18.52,4.16,N/A,N/A,N/A,N/A,0.47,1.62,1.12,0.32,38.98%,18.07%,11.57%,9.65%,4.56%,8.21%,10.37%,N/A,N/A,N/A,29.71,N/A,N/A
TFX,24.81,23.57,32.10,5.54,4.19,23.89,16.84,4.79,N/A,N/A,N/A,N/A,0.40,2.10,1.40,0.65,55.11%,19.99%,19.91%,17.27%,6.92%,13.68%,9.63%,N/A,N/A,N/A,28.93,N/A,N/A
TER,18.08,20.19,29.60,8.11,10.35,27.34,11.22,4.32,N/A,N/A,N/A,N/A,0.99,3.20,2.90,1.70,59.37%,32.64%,31.35%,27.40%,27.19%,42.50%,44.50%,N/A,N/A,N/A,4.85,N/A,N/A
TSLA,175.74,104.46,215.99,22.17,36.16,103.78,94.50,13.24,N/A,N/A,N/A,N/A,0.94,1.38,1.08,0.92,25.28%,12.07%,11.78%,10.26%,9.67%,21.08%,16.77%,N/A,N/A,N/A,14.28,N/A,N/A
TXN,22.03,19.83,22.80,9.62,13.06,20.15,16.53,8.41,N/A,N/A,N/A,N/A,0.83,5.33,4.58,3.79,66.69%,49.14%,48.62%,42.17%,35.14%,68.70%,47.64%,N/A,N/A,N/A,33.25,N/A,N/A
TXT,20.36,18.11,23.44,1.41,2.46,10.94,13.07,1.30,N/A,N/A,N/A,N/A,0.79,2.37,1.27,0.68,21.84%,6.98%,7.05%,6.03%,4.78%,11.80%,8.03%,N/A,N/A,N/A,26.21,N/A,N/A
TMO,30.45,31.35,34.29,6.76,6.45,28.45,20.43,6.16,N/A,N/A,N/A,N/A,0.48,1.50,1.12,0.33,50.07%,26.31%,22.55%,19.70%,9.41%,20.52%,15.36%,N/A,N/A,N/A,38.20,N/A,N/A
TJX,24.24,23.34,26.43,1.79,14.05,27.23,15.05,1.66,N/A,N/A,N/A,N/A,1.64,1.27,0.70,0.59,28.35%,9.57%,9.06%,6.76%,11.08%,55.47%,23.32%,N/A,N/A,N/A,43.94,N/A,N/A
TSCO,22.64,21.26,26.52,2.08,12.89,23.22,15.15,1.87,N/A,N/A,N/A,N/A,1.62,1.57,0.51,0.43,33.05%,10.76%,10.05%,7.83%,12.71%,50.79%,24.06%,N/A,N/A,N/A,45.33,N/A,N/A
TT,27.00,25.04,34.39,3.46,7.60,30.87,17.05,2.69,N/A,N/A,N/A,N/A,0.78,1.36,1.04,0.45,31.63%,14.46%,12.67%,10.21%,7.97%,22.81%,17.27%,N/A,N/A,N/A,29.27,N/A,N/A
TDG,63.64,50.28,60.09,7.60,N/A,39.95,25.51,9.92,0.39,"$360,827","$45,639.00",5.94,0.25,4.23,3.51,2.88,50.39%,36.84%,14.90%,12.65%,3.22%,N/A,10.56%,3.77%,N/A,116.87,104.57,N/A,113.12
TRV,11.65,11.49,10.79,1.13,1.31,5.39,8.28,1.31,N/A,N/A,N/A,N/A,0.31,0.41,N/A,N/A,N/A,13.78%,12.80%,10.44%,3.28%,12.52%,11.81%,N/A,N/A,N/A,6.77,N/A,N/A
TRMB,36.29,34.06,45.00,6.06,5.55,29.54,23.45,4.93,N/A,N/A,N/A,N/A,0.52,1.22,0.91,0.27,53.51%,15.98%,15.70%,13.47%,7.05%,13.07%,10.95%,N/A,N/A,N/A,20.42,N/A,N/A
TFC,11.41,11.54,13.10,3.41,1.24,13.77,10.34,4.56,N/A,N/A,N/A,N/A,0.04,0.26,N/A,N/A,N/A,37.99%,34.46%,27.77%,1.22%,9.19%,7.64%,N/A,N/A,N/A,7.86,N/A,N/A
TWTR,N/A,N/A,N/A,6.79,4.73,42.20,40.07,6.27,N/A,N/A,N/A,N/A,0.37,5.89,5.89,4.76,64.60%,5.38%,-8.10%,-4.36%,-1.61%,-2.90%,2.16%,N/A,N/A,N/A,39.45,N/A,N/A
TYL,106.55,96.34,140.75,14.27,9.56,60.01,51.07,9.88,N/A,N/A,N/A,N/A,0.43,1.16,1.16,0.44,41.75%,12.93%,9.98%,10.14%,4.33%,7.49%,7.20%,N/A,N/A,N/A,28.97,N/A,N/A
TSN,9.61,7.16,9.20,0.60,1.58,7.30,6.13,0.69,0.28,"$343,423","$22,241.00",21.62,1.33,1.55,0.86,0.42,14.55%,10.03%,8.59%,6.48%,8.61%,18.48%,17.16%,11.54%,55.70,35.77,27.19,48.80,31.34
USB,9.56,11.25,11.01,3.69,1.72,10.23,8.31,3.69,N/A,N/A,N/A,N/A,0.04,0.11,N/A,N/A,N/A,44.84%,44.84%,34.96%,1.41%,14.67%,9.75%,N/A,N/A,N/A,7.87,N/A,N/A
UDR,101.80,105.03,124.15,14.02,5.62,25.81,28.54,15.35,N/A,N/A,N/A,N/A,0.13,N/A,N/A,N/A,14.97%,10.51%,12.58%,11.62%,1.47%,4.49%,1.38%,N/A,N/A,N/A,52.02,N/A,N/A
ULTA,21.70,18.87,19.96,2.28,12.23,14.44,14.24,2.39,N/A,N/A,N/A,N/A,1.57,1.46,0.50,0.28,39.03%,14.49%,15.01%,11.42%,17.90%,55.78%,34.36%,N/A,N/A,N/A,34.56,N/A,N/A
UNP,24.04,21.90,25.31,7.57,11.37,18.28,15.58,7.68,N/A,N/A,N/A,N/A,0.34,0.62,0.51,0.18,48.22%,42.83%,38.88%,29.92%,10.20%,41.92%,20.54%,N/A,N/A,N/A,48.83,N/A,N/A
UAL,N/A,N/A,N/A,0.57,2.82,6.82,-18.52,0.99,N/A,N/A,N/A,N/A,0.35,1.19,1.14,1.01,-15.07%,-17.82%,-10.38%,-7.97%,-2.79%,-35.74%,-10.21%,N/A,N/A,N/A,54.75,N/A,N/A
UPS,13.92,16.38,14.60,1.94,13.08,12.54,12.04,1.93,N/A,N/A,N/A,N/A,1.47,1.42,1.38,0.60,17.93%,13.48%,17.07%,13.26%,19.56%,172.90%,38.43%,N/A,N/A,N/A,36.78,N/A,N/A
URI,17.45,13.55,17.46,2.49,4.02,6.56,7.88,3.15,N/A,N/A,N/A,N/A,0.49,0.83,0.76,0.06,35.97%,23.63%,19.00%,14.27%,7.06%,26.31%,14.60%,N/A,N/A,N/A,50.40,N/A,N/A
UNH,29.47,27.73,27.77,1.67,6.58,21.49,19.53,1.73,N/A,N/A,N/A,N/A,1.38,0.79,N/A,N/A,N/A,8.33%,7.76%,6.01%,8.30%,25.19%,19.48%,N/A,N/A,N/A,23.30,N/A,N/A
UHS,9.42,10.71,10.97,0.86,1.64,12.28,6.66,0.98,N/A,N/A,N/A,N/A,0.95,1.14,1.04,0.06,10.90%,10.90%,10.23%,7.83%,7.45%,15.95%,12.90%,N/A,N/A,N/A,34.82,N/A,N/A
VLO,50.25,6.54,33.08,0.27,1.67,5.22,11.95,0.36,N/A,N/A,N/A,N/A,2.06,1.26,0.88,0.24,2.83%,2.00%,1.35%,0.81%,1.67%,4.96%,6.47%,N/A,N/A,N/A,25.84,N/A,N/A
VTR,413.53,"1,311.42",402.84,5.16,1.88,18.92,20.86,8.17,N/A,N/A,N/A,N/A,0.16,N/A,N/A,N/A,19.89%,15.77%,1.60%,1.28%,0.20%,0.47%,2.62%,N/A,N/A,N/A,49.46,N/A,N/A
VRSN,28.19,26.45,36.28,21.45,N/A,35.27,23.77,15.84,N/A,N/A,N/A,N/A,0.71,1.18,1.18,1.12,85.54%,65.29%,58.92%,59.12%,41.85%,N/A,185.87%,N/A,N/A,N/A,90.14,N/A,N/A
VRSK,49.26,30.53,56.08,12.46,13.13,31.21,22.91,11.44,N/A,N/A,N/A,N/A,0.39,0.49,0.49,0.16,51.93%,37.93%,29.19%,22.22%,8.67%,24.16%,17.95%,N/A,N/A,N/A,46.23,N/A,N/A
VZ,8.49,9.12,9.77,1.61,2.67,5.45,7.55,2.71,N/A,N/A,N/A,N/A,0.39,0.73,0.66,0.09,45.73%,23.92%,22.02%,16.51%,6.46%,29.49%,13.29%,N/A,N/A,N/A,48.54,N/A,N/A
VRTX,32.68,23.85,24.37,7.51,5.53,21.59,23.43,8.30,N/A,N/A,N/A,N/A,0.60,4.46,4.30,3.52,88.11%,36.94%,35.91%,30.80%,18.60%,24.93%,27.14%,N/A,N/A,N/A,7.20,N/A,N/A
VFC,13.35,18.16,16.00,1.87,6.22,25.75,10.01,2.00,N/A,N/A,N/A,N/A,0.88,1.38,0.96,0.38,54.86%,14.38%,12.83%,10.25%,8.98%,36.93%,16.45%,N/A,N/A,N/A,50.95,N/A,N/A
VTRS,N/A,17.53,N/A,0.92,0.80,5.42,7.32,2.09,N/A,N/A,N/A,N/A,0.31,1.10,0.70,0.09,34.70%,9.34%,-3.72%,-7.11%,-2.18%,-5.84%,3.59%,N/A,N/A,N/A,42.62,N/A,N/A
VICI,19.82,49.87,17.14,11.51,1.56,19.38,26.30,20.56,N/A,N/A,N/A,N/A,0.09,N/A,N/A,N/A,98.42%,94.99%,67.97%,67.16%,5.85%,9.42%,8.50%,N/A,N/A,N/A,28.37,N/A,N/A
V,38.46,31.48,40.59,20.22,13.65,32.01,26.38,15.62,0.04,$1.121M,"$558,512",7.11,0.29,1.75,1.75,1.24,76.05%,65.66%,66.64%,49.82%,14.66%,32.54%,26.37%,20.74%,57.46,36.49,26.05,59.34,34.60
VNO,58.01,46.71,79.58,5.06,1.59,9.27,19.90,7.50,N/A,N/A,N/A,N/A,0.09,N/A,N/A,N/A,23.88%,15.00%,12.40%,11.07%,1.05%,2.76%,1.51%,N/A,N/A,N/A,52.30,N/A,N/A
VMC,34.95,39.47,41.31,4.99,4.21,27.39,18.92,4.20,N/A,N/A,N/A,N/A,0.43,2.21,1.53,0.31,24.74%,17.21%,15.74%,12.14%,5.23%,10.72%,9.11%,N/A,N/A,N/A,33.54,N/A,N/A
WAB,31.97,27.19,31.16,2.22,1.68,16.15,14.65,2.66,N/A,N/A,N/A,N/A,0.42,1.32,0.74,0.16,27.29%,12.20%,9.42%,7.11%,3.01%,5.47%,6.51%,N/A,N/A,N/A,23.71,N/A,N/A
WBA,15.64,6.45,19.81,0.33,1.88,7.92,11.41,0.50,0.44,"$420,663","$6,330.00",20.71,1.57,0.72,0.35,0.06,19.73%,3.03%,1.51%,1.50%,2.37%,9.05%,6.61%,3.60%,146.90,59.50,42.32,131.53,53.27
WMT,27.12,28.13,28.68,0.68,4.64,16.22,10.36,0.70,N/A,N/A,N/A,N/A,2.30,0.93,0.28,0.17,25.10%,4.97%,3.26%,2.39%,5.50%,16.66%,18.96%,N/A,N/A,N/A,23.41,N/A,N/A
WBD,8.94,N/A,15.39,1.29,1.04,5.62,12.31,2.32,N/A,N/A,N/A,N/A,0.36,2.10,2.03,1.14,49.11%,16.93%,11.76%,8.39%,2.98%,9.26%,7.15%,N/A,N/A,N/A,45.44,N/A,N/A
WM,39.53,32.97,38.87,3.94,9.75,16.27,16.41,4.41,N/A,N/A,N/A,N/A,0.60,0.75,0.72,0.03,26.89%,16.78%,13.10%,10.13%,6.13%,24.92%,14.04%,N/A,N/A,N/A,47.03,N/A,N/A
WAT,29.69,28.58,33.36,8.30,61.56,30.93,21.74,7.20,N/A,N/A,N/A,N/A,0.94,2.39,1.87,0.84,58.31%,29.76%,28.94%,24.87%,23.35%,231.06%,45.39%,N/A,N/A,N/A,51.74,N/A,N/A
WEC,25.70,24.42,23.61,3.69,2.81,15.10,18.57,5.45,N/A,N/A,N/A,N/A,0.21,0.71,0.54,0.01,21.30%,18.77%,18.02%,15.65%,3.35%,12.14%,6.03%,N/A,N/A,N/A,39.22,N/A,N/A
WFC,9.15,10.48,9.70,2.30,1.11,7.34,9.03,4.85,N/A,N/A,N/A,N/A,0.04,0.76,N/A,N/A,N/A,34.99%,33.73%,25.22%,1.10%,11.57%,7.01%,N/A,N/A,N/A,10.19,N/A,N/A
WELL,354.73,96.30,374.54,7.73,2.18,23.73,27.59,9.46,N/A,N/A,N/A,N/A,0.14,N/A,N/A,N/A,19.64%,17.29%,3.61%,7.10%,1.00%,2.00%,2.62%,N/A,N/A,N/A,42.04,N/A,N/A
WST,39.31,37.70,54.07,12.64,14.90,61.28,28.16,8.48,N/A,N/A,N/A,N/A,0.93,2.93,2.30,1.28,41.45%,26.80%,26.46%,23.38%,21.67%,31.59%,31.35%,N/A,N/A,N/A,9.82,N/A,N/A
WDC,10.33,N/A,9.14,0.73,N/A,7.30,5.95,1.07,N/A,N/A,N/A,N/A,0.72,2.07,1.28,0.51,31.29%,12.99%,11.30%,7.98%,5.73%,13.08%,12.54%,N/A,N/A,N/A,26.74,N/A,N/A
WRK,13.68,11.94,15.90,0.71,1.13,5.85,6.95,0.93,0.41,"$375,673","$16,796.00",7.33,0.65,1.55,0.96,0.08,16.58%,7.21%,5.79%,4.47%,2.89%,7.52%,6.53%,4.13%,76.35,43.29,30.46,73.38,41.61
WY,10.49,11.05,11.86,3.03,2.86,9.79,7.50,2.85,N/A,N/A,N/A,N/A,0.60,N/A,N/A,N/A,44.85%,34.95%,32.51%,25.56%,15.35%,26.74%,23.51%,N/A,N/A,N/A,29.58,N/A,N/A
WHR,5.90,13.18,8.28,0.67,2.86,6.78,4.27,0.57,N/A,N/A,N/A,N/A,1.08,1.14,0.82,0.36,20.13%,10.66%,10.61%,8.11%,8.78%,41.25%,21.35%,N/A,N/A,N/A,29.73,N/A,N/A
WMB,27.31,26.53,20.95,3.00,2.78,8.04,14.31,5.94,N/A,N/A,N/A,N/A,0.22,0.91,0.84,0.34,29.37%,24.15%,19.61%,14.35%,3.16%,13.08%,6.80%,N/A,N/A,N/A,47.91,N/A,N/A
WTW,6.61,6.86,7.26,3.39,2.19,14.89,11.01,2.76,N/A,N/A,N/A,N/A,0.25,N/A,N/A,N/A,76.75%,15.76%,29.83%,23.74%,5.83%,17.79%,7.80%,N/A,N/A,N/A,15.70,N/A,N/A
GWW,29.02,22.62,25.94,2.08,14.16,28.87,18.48,2.25,N/A,N/A,N/A,N/A,2.02,2.63,1.40,0.16,35.76%,11.88%,11.40%,8.01%,16.19%,56.35%,32.13%,N/A,N/A,N/A,41.90,N/A,N/A
WYNN,N/A,N/A,N/A,2.57,N/A,N/A,53.10,4.46,N/A,N/A,N/A,N/A,0.29,2.23,2.18,1.96,13.00%,-10.30%,-26.88%,-20.08%,-5.73%,N/A,-3.26%,N/A,N/A,N/A,96.73,N/A,N/A
XEL,25.23,24.96,22.89,2.73,2.36,16.70,14.78,4.67,N/A,N/A,N/A,N/A,0.23,0.84,0.72,0.06,20.89%,16.17%,11.42%,11.95%,2.73%,10.58%,5.60%,N/A,N/A,N/A,40.89,N/A,N/A
XYL,43.00,43.40,50.98,4.19,6.72,40.46,23.34,3.75,N/A,N/A,N/A,N/A,0.61,2.27,1.77,0.97,38.07%,11.46%,9.83%,8.21%,5.02%,13.81%,9.68%,N/A,N/A,N/A,33.25,N/A,N/A
YUM,22.57,23.05,26.63,6.37,N/A,24.58,19.41,6.73,N/A,N/A,N/A,N/A,1.11,1.08,1.08,0.52,48.09%,31.99%,25.43%,23.92%,26.65%,N/A,56.10%,N/A,N/A,N/A,203.27,N/A,N/A
ZBRA,22.33,36.38,38.33,5.70,10.65,30.01,15.63,3.24,N/A,N/A,N/A,N/A,0.97,0.94,0.67,0.19,44.68%,18.00%,17.20%,14.87%,14.44%,32.64%,26.39%,N/A,N/A,N/A,18.42,N/A,N/A
ZBH,61.41,107.41,66.55,3.41,2.10,17.83,13.89,4.25,N/A,N/A,N/A,N/A,0.33,1.41,0.72,0.14,62.28%,15.30%,5.34%,5.12%,1.68%,3.23%,5.90%,N/A,N/A,N/A,31.37,N/A,N/A
ZION,8.43,10.48,9.30,3.42,1.36,14.02,N/A,3.49,N/A,N/A,N/A,N/A,0.03,0.32,N/A,N/A,N/A,48.92%,48.92%,37.79%,1.28%,14.55%,14.02%,N/A,N/A,N/A,2.29,N/A,N/A
ZTS,40.53,39.07,57.11,14.96,25.38,52.57,26.09,10.61,N/A,N/A,N/A,N/A,0.57,3.86,2.79,1.94,68.31%,36.05%,32.00%,26.20%,14.81%,49.01%,24.91%,N/A,N/A,N/A,48.81,N/A,N/A
